id,titulo,inicio,fin,todo_el_dia,calendario,color_id,color_nombre,etiqueta,color_hex,usa_color_predeterminado,color,telefono,nombre,pendiente,cotizacion,p,requerimiento,notas,descripcion,ubicacion
c1rfd8udnqtfr8a15pqc99hc9f_20260721T114500Z,PEDAZOS DE TUBOS  Y ORDENES EN EL PISO,2026-07-21T07:45:00-04:00,2026-07-21T08:15:00-04:00,No,ENCARGADO DE FABRICACION,24,Otro,NONE,#a47ae2,Si,,,,,,,,Revisar no se esten quedando tubos y pedazos debajo.Que no se lleven tubos que son de separadores para el basudero. / mesa guillotina limpia / no tubo ni pedazos medio a medio. / ORDENES EN EL MEDIO DEL CAMINO QUE DIFICULTA EL CAMINAR.,"Revisar no se esten quedando tubos y pedazos debajo.Que no se lleven tubos que son de separadores para el basudero.
mesa guillotina limpia
no tubo ni pedazos medio a medio.
ORDENES EN EL MEDIO DEL CAMINO QUE DIFICULTA EL CAMINAR.",
1sibbnnqvpsbjdmae39p82gksv_20260721T170000Z,Ollos en tapas esten bien antes de armar carreter,2026-07-21T13:00:00-04:00,2026-07-21T13:15:00-04:00,No,ENCARGADO DE FABRICACION,24,Otro,NONE,#a47ae2,Si,,,,,,,,,,
0hf2hucf448kd4vro5793gqfaq_20260721T180000Z,REVISION DE MESAS Y CAJAS LIMPIAS Y ORGANIDAS,2026-07-21T14:00:00-04:00,2026-07-21T14:45:00-04:00,No,ENCARGADO DE FABRICACION,24,Otro,NONE,#a47ae2,Si,,,,,,,,,,
4mci0naamtkbbp8gin1kv4gl7q_20260721T200000Z,PEDIDO ACERO Y CONSUMIBLES EN ALEGRA,2026-07-21T16:00:00-04:00,2026-07-21T16:30:00-04:00,No,ENCARGADO DE FABRICACION,24,Otro,NONE,#a47ae2,Si,,,,,,,,,,
5filveget4nqn7to7rsh19om4n_20260721T214500Z,Chequeo de calidad de lo que salio hoy por MESA,2026-07-21T17:45:00-04:00,2026-07-21T18:30:00-04:00,No,ENCARGADO DE FABRICACION,24,Otro,NONE,#a47ae2,Si,,,,,,,,Tecnico----Con papiro de armado. / patas de traseros y estribos bien puestas segun papiro / pisa pies / el ancho / revire / Diseño---no esten tumbadas las curvas.p / patas de porta escaleras.,"Tecnico----Con papiro de armado.
patas de traseros y estribos bien puestas segun papiro
pisa pies
el ancho
revire
Diseño---no esten tumbadas las curvas.p
patas de porta escaleras.",
4vv692i7bbok26rlp1rjj7a9nj_20260721T230000Z," El Chequeo de calidad  PUESTOS 2,  3, 4,  ,5,  15,  ,8  ,13 ,",2026-07-21T19:00:00-04:00,2026-07-21T19:45:00-04:00,No,ENCARGADO DE FABRICACION,24,Otro,NONE,#a47ae2,Si,,,,,,,,,,
5nb8mvdcfg6j3d4pffipt18d0h_20260721T234500Z,Limpieza arriba de mesas y al rededor,2026-07-21T19:45:00-04:00,2026-07-21T20:30:00-04:00,No,ENCARGADO DE FABRICACION,24,Otro,NONE,#a47ae2,Si,,,,,,,,,,
3qb3qn8jvrkvdpeffgfvgb826o_20260722T003000Z,Calendarios de avances del dia.,2026-07-21T20:30:00-04:00,2026-07-21T21:15:00-04:00,No,ENCARGADO DE FABRICACION,24,Otro,NONE,#a47ae2,Si,,,,,,,,,,
vphofhas3s0f0hmnv6q17bj2vb_20260722T013000Z,Cuales papiros a modificar de fabricaciones.,2026-07-21T21:30:00-04:00,2026-07-21T22:15:00-04:00,No,ENCARGADO DE FABRICACION,24,Otro,NONE,#a47ae2,Si,,,,,,,,,,
27ecrt0df70icsj7626mictnjt_20260722T021500Z,Modificar papiros en la pc,2026-07-21T22:15:00-04:00,2026-07-21T23:00:00-04:00,No,ENCARGADO DE FABRICACION,24,Otro,NONE,#a47ae2,Si,,,,,,,,,,
c1rfd8udnqtfr8a15pqc99hc9f_20260722T114500Z,PEDAZOS DE TUBOS  Y ORDENES EN EL PISO,2026-07-22T07:45:00-04:00,2026-07-22T08:15:00-04:00,No,ENCARGADO DE FABRICACION,24,Otro,NONE,#a47ae2,Si,,,,,,,,Revisar no se esten quedando tubos y pedazos debajo.Que no se lleven tubos que son de separadores para el basudero. / mesa guillotina limpia / no tubo ni pedazos medio a medio. / ORDENES EN EL MEDIO DEL CAMINO QUE DIFICULTA EL CAMINAR.,"Revisar no se esten quedando tubos y pedazos debajo.Que no se lleven tubos que son de separadores para el basudero.
mesa guillotina limpia
no tubo ni pedazos medio a medio.
ORDENES EN EL MEDIO DEL CAMINO QUE DIFICULTA EL CAMINAR.",
aths67orq9j2ttgcs2vgjbech5_20260722T140000Z,"Pedido de Tapas y macheticos,jalones. pedido al tamarindo.",2026-07-22T10:00:00-04:00,2026-07-22T10:45:00-04:00,No,ENCARGADO DE FABRICACION,24,Otro,NONE,#a47ae2,Si,,,,,,,,"DEJARLE LISTA PUESTO 8 DE CARRETERES A FABRICAR. / CONFIRMAR ANTES DE PEDIR TOLA SI NO HAY, EN EL TAMARINDO / ENVIAR PEDIDO AL TAMARINDO DE CORTES DE TAPAS, CANTIDADES. / TA-1 HIJET TA-2 TOW ACE TA-3 KIA TA-4 NV200 TA-5 COASTER TA-6 APV","DEJARLE LISTA PUESTO 8 DE CARRETERES A FABRICAR.
CONFIRMAR ANTES DE PEDIR TOLA SI NO HAY, EN EL TAMARINDO
ENVIAR PEDIDO AL TAMARINDO DE CORTES DE TAPAS, CANTIDADES.
TA-1 HIJET TA-2 TOW ACE TA-3 KIA TA-4 NV200 TA-5 COASTER TA-6 APV",
4mci0naamtkbbp8gin1kv4gl7q_20260722T200000Z,PEDIDO ACERO Y CONSUMIBLES EN ALEGRA,2026-07-22T16:00:00-04:00,2026-07-22T16:30:00-04:00,No,ENCARGADO DE FABRICACION,24,Otro,NONE,#a47ae2,Si,,,,,,,,,,
5filveget4nqn7to7rsh19om4n_20260722T214500Z,Chequeo de calidad de lo que salio hoy por MESA,2026-07-22T17:45:00-04:00,2026-07-22T18:30:00-04:00,No,ENCARGADO DE FABRICACION,24,Otro,NONE,#a47ae2,Si,,,,,,,,Tecnico----Con papiro de armado. / patas de traseros y estribos bien puestas segun papiro / pisa pies / el ancho / revire / Diseño---no esten tumbadas las curvas.p / patas de porta escaleras.,"Tecnico----Con papiro de armado.
patas de traseros y estribos bien puestas segun papiro
pisa pies
el ancho
revire
Diseño---no esten tumbadas las curvas.p
patas de porta escaleras.",
4vv692i7bbok26rlp1rjj7a9nj_20260722T230000Z," El Chequeo de calidad  PUESTOS 2,  3, 4,  ,5,  15,  ,8  ,13 ,",2026-07-22T19:00:00-04:00,2026-07-22T19:45:00-04:00,No,ENCARGADO DE FABRICACION,24,Otro,NONE,#a47ae2,Si,,,,,,,,,,
5nb8mvdcfg6j3d4pffipt18d0h_20260722T234500Z,Limpieza arriba de mesas y al rededor,2026-07-22T19:45:00-04:00,2026-07-22T20:30:00-04:00,No,ENCARGADO DE FABRICACION,24,Otro,NONE,#a47ae2,Si,,,,,,,,,,
3qb3qn8jvrkvdpeffgfvgb826o_20260723T003000Z,Calendarios de avances del dia.,2026-07-22T20:30:00-04:00,2026-07-22T21:15:00-04:00,No,ENCARGADO DE FABRICACION,24,Otro,NONE,#a47ae2,Si,,,,,,,,,,
vphofhas3s0f0hmnv6q17bj2vb_20260723T013000Z,Cuales papiros a modificar de fabricaciones.,2026-07-22T21:30:00-04:00,2026-07-22T22:15:00-04:00,No,ENCARGADO DE FABRICACION,24,Otro,NONE,#a47ae2,Si,,,,,,,,,,
27ecrt0df70icsj7626mictnjt_20260723T021500Z,Modificar papiros en la pc,2026-07-22T22:15:00-04:00,2026-07-22T23:00:00-04:00,No,ENCARGADO DE FABRICACION,24,Otro,NONE,#a47ae2,Si,,,,,,,,,,
c1rfd8udnqtfr8a15pqc99hc9f_20260723T114500Z,PEDAZOS DE TUBOS  Y ORDENES EN EL PISO,2026-07-23T07:45:00-04:00,2026-07-23T08:15:00-04:00,No,ENCARGADO DE FABRICACION,24,Otro,NONE,#a47ae2,Si,,,,,,,,Revisar no se esten quedando tubos y pedazos debajo.Que no se lleven tubos que son de separadores para el basudero. / mesa guillotina limpia / no tubo ni pedazos medio a medio. / ORDENES EN EL MEDIO DEL CAMINO QUE DIFICULTA EL CAMINAR.,"Revisar no se esten quedando tubos y pedazos debajo.Que no se lleven tubos que son de separadores para el basudero.
mesa guillotina limpia
no tubo ni pedazos medio a medio.
ORDENES EN EL MEDIO DEL CAMINO QUE DIFICULTA EL CAMINAR.",
4mci0naamtkbbp8gin1kv4gl7q_20260723T200000Z,PEDIDO ACERO Y CONSUMIBLES EN ALEGRA,2026-07-23T16:00:00-04:00,2026-07-23T16:30:00-04:00,No,ENCARGADO DE FABRICACION,24,Otro,NONE,#a47ae2,Si,,,,,,,,,,
5filveget4nqn7to7rsh19om4n_20260723T214500Z,Chequeo de calidad de lo que salio hoy por MESA,2026-07-23T17:45:00-04:00,2026-07-23T18:30:00-04:00,No,ENCARGADO DE FABRICACION,24,Otro,NONE,#a47ae2,Si,,,,,,,,Tecnico----Con papiro de armado. / patas de traseros y estribos bien puestas segun papiro / pisa pies / el ancho / revire / Diseño---no esten tumbadas las curvas.p / patas de porta escaleras.,"Tecnico----Con papiro de armado.
patas de traseros y estribos bien puestas segun papiro
pisa pies
el ancho
revire
Diseño---no esten tumbadas las curvas.p
patas de porta escaleras.",
4vv692i7bbok26rlp1rjj7a9nj_20260723T230000Z," El Chequeo de calidad  PUESTOS 2,  3, 4,  ,5,  15,  ,8  ,13 ,",2026-07-23T19:00:00-04:00,2026-07-23T19:45:00-04:00,No,ENCARGADO DE FABRICACION,24,Otro,NONE,#a47ae2,Si,,,,,,,,,,
5nb8mvdcfg6j3d4pffipt18d0h_20260723T234500Z,Limpieza arriba de mesas y al rededor,2026-07-23T19:45:00-04:00,2026-07-23T20:30:00-04:00,No,ENCARGADO DE FABRICACION,24,Otro,NONE,#a47ae2,Si,,,,,,,,,,
4hb8def5jk9c0fppan23o67k63_20260724T000000Z,Revision mensual del puesto 13,2026-07-23T20:00:00-04:00,2026-07-23T20:45:00-04:00,No,ENCARGADO DE FABRICACION,24,Otro,NONE,#a47ae2,Si,,,,,,,,llenar estos datos para puesto de doblador de ordenes todos los meses,llenar estos datos para puesto de doblador de ordenes todos los meses,
3qb3qn8jvrkvdpeffgfvgb826o_20260724T003000Z,Calendarios de avances del dia.,2026-07-23T20:30:00-04:00,2026-07-23T21:15:00-04:00,No,ENCARGADO DE FABRICACION,24,Otro,NONE,#a47ae2,Si,,,,,,,,,,
vphofhas3s0f0hmnv6q17bj2vb_20260724T013000Z,Cuales papiros a modificar de fabricaciones.,2026-07-23T21:30:00-04:00,2026-07-23T22:15:00-04:00,No,ENCARGADO DE FABRICACION,24,Otro,NONE,#a47ae2,Si,,,,,,,,,,
27ecrt0df70icsj7626mictnjt_20260724T021500Z,Modificar papiros en la pc,2026-07-23T22:15:00-04:00,2026-07-23T23:00:00-04:00,No,ENCARGADO DE FABRICACION,24,Otro,NONE,#a47ae2,Si,,,,,,,,,,
c1rfd8udnqtfr8a15pqc99hc9f_20260724T114500Z,PEDAZOS DE TUBOS  Y ORDENES EN EL PISO,2026-07-24T07:45:00-04:00,2026-07-24T08:15:00-04:00,No,ENCARGADO DE FABRICACION,24,Otro,NONE,#a47ae2,Si,,,,,,,,Revisar no se esten quedando tubos y pedazos debajo.Que no se lleven tubos que son de separadores para el basudero. / mesa guillotina limpia / no tubo ni pedazos medio a medio. / ORDENES EN EL MEDIO DEL CAMINO QUE DIFICULTA EL CAMINAR.,"Revisar no se esten quedando tubos y pedazos debajo.Que no se lleven tubos que son de separadores para el basudero.
mesa guillotina limpia
no tubo ni pedazos medio a medio.
ORDENES EN EL MEDIO DEL CAMINO QUE DIFICULTA EL CAMINAR.",
aths67orq9j2ttgcs2vgjbech5_20260724T140000Z,"Pedido de Tapas y macheticos,jalones. pedido al tamarindo.",2026-07-24T10:00:00-04:00,2026-07-24T10:45:00-04:00,No,ENCARGADO DE FABRICACION,24,Otro,NONE,#a47ae2,Si,,,,,,,,"DEJARLE LISTA PUESTO 8 DE CARRETERES A FABRICAR. / CONFIRMAR ANTES DE PEDIR TOLA SI NO HAY, EN EL TAMARINDO / ENVIAR PEDIDO AL TAMARINDO DE CORTES DE TAPAS, CANTIDADES. / TA-1 HIJET TA-2 TOW ACE TA-3 KIA TA-4 NV200 TA-5 COASTER TA-6 APV","DEJARLE LISTA PUESTO 8 DE CARRETERES A FABRICAR.
CONFIRMAR ANTES DE PEDIR TOLA SI NO HAY, EN EL TAMARINDO
ENVIAR PEDIDO AL TAMARINDO DE CORTES DE TAPAS, CANTIDADES.
TA-1 HIJET TA-2 TOW ACE TA-3 KIA TA-4 NV200 TA-5 COASTER TA-6 APV",
1sibbnnqvpsbjdmae39p82gksv_20260724T170000Z,Ollos en tapas esten bien antes de armar carreter,2026-07-24T13:00:00-04:00,2026-07-24T13:15:00-04:00,No,ENCARGADO DE FABRICACION,24,Otro,NONE,#a47ae2,Si,,,,,,,,,,
4mci0naamtkbbp8gin1kv4gl7q_20260724T200000Z,PEDIDO ACERO Y CONSUMIBLES EN ALEGRA,2026-07-24T16:00:00-04:00,2026-07-24T16:30:00-04:00,No,ENCARGADO DE FABRICACION,24,Otro,NONE,#a47ae2,Si,,,,,,,,,,
5filveget4nqn7to7rsh19om4n_20260724T214500Z,Chequeo de calidad de lo que salio hoy por MESA,2026-07-24T17:45:00-04:00,2026-07-24T18:30:00-04:00,No,ENCARGADO DE FABRICACION,24,Otro,NONE,#a47ae2,Si,,,,,,,,Tecnico----Con papiro de armado. / patas de traseros y estribos bien puestas segun papiro / pisa pies / el ancho / revire / Diseño---no esten tumbadas las curvas.p / patas de porta escaleras.,"Tecnico----Con papiro de armado.
patas de traseros y estribos bien puestas segun papiro
pisa pies
el ancho
revire
Diseño---no esten tumbadas las curvas.p
patas de porta escaleras.",
4vv692i7bbok26rlp1rjj7a9nj_20260724T230000Z," El Chequeo de calidad  PUESTOS 2,  3, 4,  ,5,  15,  ,8  ,13 ,",2026-07-24T19:00:00-04:00,2026-07-24T19:45:00-04:00,No,ENCARGADO DE FABRICACION,24,Otro,NONE,#a47ae2,Si,,,,,,,,,,
5nb8mvdcfg6j3d4pffipt18d0h_20260724T234500Z,Limpieza arriba de mesas y al rededor,2026-07-24T19:45:00-04:00,2026-07-24T20:30:00-04:00,No,ENCARGADO DE FABRICACION,24,Otro,NONE,#a47ae2,Si,,,,,,,,,,
3qb3qn8jvrkvdpeffgfvgb826o_20260725T003000Z,Calendarios de avances del dia.,2026-07-24T20:30:00-04:00,2026-07-24T21:15:00-04:00,No,ENCARGADO DE FABRICACION,24,Otro,NONE,#a47ae2,Si,,,,,,,,,,
vphofhas3s0f0hmnv6q17bj2vb_20260725T013000Z,Cuales papiros a modificar de fabricaciones.,2026-07-24T21:30:00-04:00,2026-07-24T22:15:00-04:00,No,ENCARGADO DE FABRICACION,24,Otro,NONE,#a47ae2,Si,,,,,,,,,,
27ecrt0df70icsj7626mictnjt_20260725T021500Z,Modificar papiros en la pc,2026-07-24T22:15:00-04:00,2026-07-24T23:00:00-04:00,No,ENCARGADO DE FABRICACION,24,Otro,NONE,#a47ae2,Si,,,,,,,,,,
c1rfd8udnqtfr8a15pqc99hc9f_20260725T114500Z,PEDAZOS DE TUBOS  Y ORDENES EN EL PISO,2026-07-25T07:45:00-04:00,2026-07-25T08:15:00-04:00,No,ENCARGADO DE FABRICACION,24,Otro,NONE,#a47ae2,Si,,,,,,,,Revisar no se esten quedando tubos y pedazos debajo.Que no se lleven tubos que son de separadores para el basudero. / mesa guillotina limpia / no tubo ni pedazos medio a medio. / ORDENES EN EL MEDIO DEL CAMINO QUE DIFICULTA EL CAMINAR.,"Revisar no se esten quedando tubos y pedazos debajo.Que no se lleven tubos que son de separadores para el basudero.
mesa guillotina limpia
no tubo ni pedazos medio a medio.
ORDENES EN EL MEDIO DEL CAMINO QUE DIFICULTA EL CAMINAR.",
c1rfd8udnqtfr8a15pqc99hc9f_20260727T114500Z,PEDAZOS DE TUBOS  Y ORDENES EN EL PISO,2026-07-27T07:45:00-04:00,2026-07-27T08:15:00-04:00,No,ENCARGADO DE FABRICACION,24,Otro,NONE,#a47ae2,Si,,,,,,,,Revisar no se esten quedando tubos y pedazos debajo.Que no se lleven tubos que son de separadores para el basudero. / mesa guillotina limpia / no tubo ni pedazos medio a medio. / ORDENES EN EL MEDIO DEL CAMINO QUE DIFICULTA EL CAMINAR.,"Revisar no se esten quedando tubos y pedazos debajo.Que no se lleven tubos que son de separadores para el basudero.
mesa guillotina limpia
no tubo ni pedazos medio a medio.
ORDENES EN EL MEDIO DEL CAMINO QUE DIFICULTA EL CAMINAR.",
aths67orq9j2ttgcs2vgjbech5_20260727T140000Z,"Pedido de Tapas y macheticos,jalones. pedido al tamarindo.",2026-07-27T10:00:00-04:00,2026-07-27T10:45:00-04:00,No,ENCARGADO DE FABRICACION,24,Otro,NONE,#a47ae2,Si,,,,,,,,"DEJARLE LISTA PUESTO 8 DE CARRETERES A FABRICAR. / CONFIRMAR ANTES DE PEDIR TOLA SI NO HAY, EN EL TAMARINDO / ENVIAR PEDIDO AL TAMARINDO DE CORTES DE TAPAS, CANTIDADES. / TA-1 HIJET TA-2 TOW ACE TA-3 KIA TA-4 NV200 TA-5 COASTER TA-6 APV","DEJARLE LISTA PUESTO 8 DE CARRETERES A FABRICAR.
CONFIRMAR ANTES DE PEDIR TOLA SI NO HAY, EN EL TAMARINDO
ENVIAR PEDIDO AL TAMARINDO DE CORTES DE TAPAS, CANTIDADES.
TA-1 HIJET TA-2 TOW ACE TA-3 KIA TA-4 NV200 TA-5 COASTER TA-6 APV",
4mci0naamtkbbp8gin1kv4gl7q_20260727T200000Z,PEDIDO ACERO Y CONSUMIBLES EN ALEGRA,2026-07-27T16:00:00-04:00,2026-07-27T16:30:00-04:00,No,ENCARGADO DE FABRICACION,24,Otro,NONE,#a47ae2,Si,,,,,,,,,,
5filveget4nqn7to7rsh19om4n_20260727T214500Z,Chequeo de calidad de lo que salio hoy por MESA,2026-07-27T17:45:00-04:00,2026-07-27T18:30:00-04:00,No,ENCARGADO DE FABRICACION,24,Otro,NONE,#a47ae2,Si,,,,,,,,Tecnico----Con papiro de armado. / patas de traseros y estribos bien puestas segun papiro / pisa pies / el ancho / revire / Diseño---no esten tumbadas las curvas.p / patas de porta escaleras.,"Tecnico----Con papiro de armado.
patas de traseros y estribos bien puestas segun papiro
pisa pies
el ancho
revire
Diseño---no esten tumbadas las curvas.p
patas de porta escaleras.",
4vv692i7bbok26rlp1rjj7a9nj_20260727T230000Z," El Chequeo de calidad  PUESTOS 2,  3, 4,  ,5,  15,  ,8  ,13 ,",2026-07-27T19:00:00-04:00,2026-07-27T19:45:00-04:00,No,ENCARGADO DE FABRICACION,24,Otro,NONE,#a47ae2,Si,,,,,,,,,,
5nb8mvdcfg6j3d4pffipt18d0h_20260727T234500Z,Limpieza arriba de mesas y al rededor,2026-07-27T19:45:00-04:00,2026-07-27T20:30:00-04:00,No,ENCARGADO DE FABRICACION,24,Otro,NONE,#a47ae2,Si,,,,,,,,,,
4hb8def5jk9c0fppan23o67k63_20260728T000000Z,Revision mensual del puesto 13,2026-07-27T20:00:00-04:00,2026-07-27T20:45:00-04:00,No,ENCARGADO DE FABRICACION,24,Otro,NONE,#a47ae2,Si,,,,,,,,llenar estos datos para puesto de doblador de ordenes todos los meses,llenar estos datos para puesto de doblador de ordenes todos los meses,
3qb3qn8jvrkvdpeffgfvgb826o_20260728T003000Z,Calendarios de avances del dia.,2026-07-27T20:30:00-04:00,2026-07-27T21:15:00-04:00,No,ENCARGADO DE FABRICACION,24,Otro,NONE,#a47ae2,Si,,,,,,,,,,
vphofhas3s0f0hmnv6q17bj2vb_20260728T013000Z,Cuales papiros a modificar de fabricaciones.,2026-07-27T21:30:00-04:00,2026-07-27T22:15:00-04:00,No,ENCARGADO DE FABRICACION,24,Otro,NONE,#a47ae2,Si,,,,,,,,,,
27ecrt0df70icsj7626mictnjt_20260728T021500Z,Modificar papiros en la pc,2026-07-27T22:15:00-04:00,2026-07-27T23:00:00-04:00,No,ENCARGADO DE FABRICACION,24,Otro,NONE,#a47ae2,Si,,,,,,,,,,
c1rfd8udnqtfr8a15pqc99hc9f_20260728T114500Z,PEDAZOS DE TUBOS  Y ORDENES EN EL PISO,2026-07-28T07:45:00-04:00,2026-07-28T08:15:00-04:00,No,ENCARGADO DE FABRICACION,24,Otro,NONE,#a47ae2,Si,,,,,,,,Revisar no se esten quedando tubos y pedazos debajo.Que no se lleven tubos que son de separadores para el basudero. / mesa guillotina limpia / no tubo ni pedazos medio a medio. / ORDENES EN EL MEDIO DEL CAMINO QUE DIFICULTA EL CAMINAR.,"Revisar no se esten quedando tubos y pedazos debajo.Que no se lleven tubos que son de separadores para el basudero.
mesa guillotina limpia
no tubo ni pedazos medio a medio.
ORDENES EN EL MEDIO DEL CAMINO QUE DIFICULTA EL CAMINAR.",
1sibbnnqvpsbjdmae39p82gksv_20260728T170000Z,Ollos en tapas esten bien antes de armar carreter,2026-07-28T13:00:00-04:00,2026-07-28T13:15:00-04:00,No,ENCARGADO DE FABRICACION,24,Otro,NONE,#a47ae2,Si,,,,,,,,,,
0hf2hucf448kd4vro5793gqfaq_20260728T180000Z,REVISION DE MESAS Y CAJAS LIMPIAS Y ORGANIDAS,2026-07-28T14:00:00-04:00,2026-07-28T14:45:00-04:00,No,ENCARGADO DE FABRICACION,24,Otro,NONE,#a47ae2,Si,,,,,,,,,,
4mci0naamtkbbp8gin1kv4gl7q_20260728T200000Z,PEDIDO ACERO Y CONSUMIBLES EN ALEGRA,2026-07-28T16:00:00-04:00,2026-07-28T16:30:00-04:00,No,ENCARGADO DE FABRICACION,24,Otro,NONE,#a47ae2,Si,,,,,,,,,,
5filveget4nqn7to7rsh19om4n_20260728T214500Z,Chequeo de calidad de lo que salio hoy por MESA,2026-07-28T17:45:00-04:00,2026-07-28T18:30:00-04:00,No,ENCARGADO DE FABRICACION,24,Otro,NONE,#a47ae2,Si,,,,,,,,Tecnico----Con papiro de armado. / patas de traseros y estribos bien puestas segun papiro / pisa pies / el ancho / revire / Diseño---no esten tumbadas las curvas.p / patas de porta escaleras.,"Tecnico----Con papiro de armado.
patas de traseros y estribos bien puestas segun papiro
pisa pies
el ancho
revire
Diseño---no esten tumbadas las curvas.p
patas de porta escaleras.",
4vv692i7bbok26rlp1rjj7a9nj_20260728T230000Z," El Chequeo de calidad  PUESTOS 2,  3, 4,  ,5,  15,  ,8  ,13 ,",2026-07-28T19:00:00-04:00,2026-07-28T19:45:00-04:00,No,ENCARGADO DE FABRICACION,24,Otro,NONE,#a47ae2,Si,,,,,,,,,,
5nb8mvdcfg6j3d4pffipt18d0h_20260728T234500Z,Limpieza arriba de mesas y al rededor,2026-07-28T19:45:00-04:00,2026-07-28T20:30:00-04:00,No,ENCARGADO DE FABRICACION,24,Otro,NONE,#a47ae2,Si,,,,,,,,,,
3qb3qn8jvrkvdpeffgfvgb826o_20260729T003000Z,Calendarios de avances del dia.,2026-07-28T20:30:00-04:00,2026-07-28T21:15:00-04:00,No,ENCARGADO DE FABRICACION,24,Otro,NONE,#a47ae2,Si,,,,,,,,,,
vphofhas3s0f0hmnv6q17bj2vb_20260729T013000Z,Cuales papiros a modificar de fabricaciones.,2026-07-28T21:30:00-04:00,2026-07-28T22:15:00-04:00,No,ENCARGADO DE FABRICACION,24,Otro,NONE,#a47ae2,Si,,,,,,,,,,
27ecrt0df70icsj7626mictnjt_20260729T021500Z,Modificar papiros en la pc,2026-07-28T22:15:00-04:00,2026-07-28T23:00:00-04:00,No,ENCARGADO DE FABRICACION,24,Otro,NONE,#a47ae2,Si,,,,,,,,,,
c1rfd8udnqtfr8a15pqc99hc9f_20260729T114500Z,PEDAZOS DE TUBOS  Y ORDENES EN EL PISO,2026-07-29T07:45:00-04:00,2026-07-29T08:15:00-04:00,No,ENCARGADO DE FABRICACION,24,Otro,NONE,#a47ae2,Si,,,,,,,,Revisar no se esten quedando tubos y pedazos debajo.Que no se lleven tubos que son de separadores para el basudero. / mesa guillotina limpia / no tubo ni pedazos medio a medio. / ORDENES EN EL MEDIO DEL CAMINO QUE DIFICULTA EL CAMINAR.,"Revisar no se esten quedando tubos y pedazos debajo.Que no se lleven tubos que son de separadores para el basudero.
mesa guillotina limpia
no tubo ni pedazos medio a medio.
ORDENES EN EL MEDIO DEL CAMINO QUE DIFICULTA EL CAMINAR.",
aths67orq9j2ttgcs2vgjbech5_20260729T140000Z,"Pedido de Tapas y macheticos,jalones. pedido al tamarindo.",2026-07-29T10:00:00-04:00,2026-07-29T10:45:00-04:00,No,ENCARGADO DE FABRICACION,24,Otro,NONE,#a47ae2,Si,,,,,,,,"DEJARLE LISTA PUESTO 8 DE CARRETERES A FABRICAR. / CONFIRMAR ANTES DE PEDIR TOLA SI NO HAY, EN EL TAMARINDO / ENVIAR PEDIDO AL TAMARINDO DE CORTES DE TAPAS, CANTIDADES. / TA-1 HIJET TA-2 TOW ACE TA-3 KIA TA-4 NV200 TA-5 COASTER TA-6 APV","DEJARLE LISTA PUESTO 8 DE CARRETERES A FABRICAR.
CONFIRMAR ANTES DE PEDIR TOLA SI NO HAY, EN EL TAMARINDO
ENVIAR PEDIDO AL TAMARINDO DE CORTES DE TAPAS, CANTIDADES.
TA-1 HIJET TA-2 TOW ACE TA-3 KIA TA-4 NV200 TA-5 COASTER TA-6 APV",
4mci0naamtkbbp8gin1kv4gl7q_20260729T200000Z,PEDIDO ACERO Y CONSUMIBLES EN ALEGRA,2026-07-29T16:00:00-04:00,2026-07-29T16:30:00-04:00,No,ENCARGADO DE FABRICACION,24,Otro,NONE,#a47ae2,Si,,,,,,,,,,
5filveget4nqn7to7rsh19om4n_20260729T214500Z,Chequeo de calidad de lo que salio hoy por MESA,2026-07-29T17:45:00-04:00,2026-07-29T18:30:00-04:00,No,ENCARGADO DE FABRICACION,24,Otro,NONE,#a47ae2,Si,,,,,,,,Tecnico----Con papiro de armado. / patas de traseros y estribos bien puestas segun papiro / pisa pies / el ancho / revire / Diseño---no esten tumbadas las curvas.p / patas de porta escaleras.,"Tecnico----Con papiro de armado.
patas de traseros y estribos bien puestas segun papiro
pisa pies
el ancho
revire
Diseño---no esten tumbadas las curvas.p
patas de porta escaleras.",
4vv692i7bbok26rlp1rjj7a9nj_20260729T230000Z," El Chequeo de calidad  PUESTOS 2,  3, 4,  ,5,  15,  ,8  ,13 ,",2026-07-29T19:00:00-04:00,2026-07-29T19:45:00-04:00,No,ENCARGADO DE FABRICACION,24,Otro,NONE,#a47ae2,Si,,,,,,,,,,
5nb8mvdcfg6j3d4pffipt18d0h_20260729T234500Z,Limpieza arriba de mesas y al rededor,2026-07-29T19:45:00-04:00,2026-07-29T20:30:00-04:00,No,ENCARGADO DE FABRICACION,24,Otro,NONE,#a47ae2,Si,,,,,,,,,,
3qb3qn8jvrkvdpeffgfvgb826o_20260730T003000Z,Calendarios de avances del dia.,2026-07-29T20:30:00-04:00,2026-07-29T21:15:00-04:00,No,ENCARGADO DE FABRICACION,24,Otro,NONE,#a47ae2,Si,,,,,,,,,,
vphofhas3s0f0hmnv6q17bj2vb_20260730T013000Z,Cuales papiros a modificar de fabricaciones.,2026-07-29T21:30:00-04:00,2026-07-29T22:15:00-04:00,No,ENCARGADO DE FABRICACION,24,Otro,NONE,#a47ae2,Si,,,,,,,,,,
27ecrt0df70icsj7626mictnjt_20260730T021500Z,Modificar papiros en la pc,2026-07-29T22:15:00-04:00,2026-07-29T23:00:00-04:00,No,ENCARGADO DE FABRICACION,24,Otro,NONE,#a47ae2,Si,,,,,,,,,,
c1rfd8udnqtfr8a15pqc99hc9f_20260730T114500Z,PEDAZOS DE TUBOS  Y ORDENES EN EL PISO,2026-07-30T07:45:00-04:00,2026-07-30T08:15:00-04:00,No,ENCARGADO DE FABRICACION,24,Otro,NONE,#a47ae2,Si,,,,,,,,Revisar no se esten quedando tubos y pedazos debajo.Que no se lleven tubos que son de separadores para el basudero. / mesa guillotina limpia / no tubo ni pedazos medio a medio. / ORDENES EN EL MEDIO DEL CAMINO QUE DIFICULTA EL CAMINAR.,"Revisar no se esten quedando tubos y pedazos debajo.Que no se lleven tubos que son de separadores para el basudero.
mesa guillotina limpia
no tubo ni pedazos medio a medio.
ORDENES EN EL MEDIO DEL CAMINO QUE DIFICULTA EL CAMINAR.",
4mci0naamtkbbp8gin1kv4gl7q_20260730T200000Z,PEDIDO ACERO Y CONSUMIBLES EN ALEGRA,2026-07-30T16:00:00-04:00,2026-07-30T16:30:00-04:00,No,ENCARGADO DE FABRICACION,24,Otro,NONE,#a47ae2,Si,,,,,,,,,,
5filveget4nqn7to7rsh19om4n_20260730T214500Z,Chequeo de calidad de lo que salio hoy por MESA,2026-07-30T17:45:00-04:00,2026-07-30T18:30:00-04:00,No,ENCARGADO DE FABRICACION,24,Otro,NONE,#a47ae2,Si,,,,,,,,Tecnico----Con papiro de armado. / patas de traseros y estribos bien puestas segun papiro / pisa pies / el ancho / revire / Diseño---no esten tumbadas las curvas.p / patas de porta escaleras.,"Tecnico----Con papiro de armado.
patas de traseros y estribos bien puestas segun papiro
pisa pies
el ancho
revire
Diseño---no esten tumbadas las curvas.p
patas de porta escaleras.",
4vv692i7bbok26rlp1rjj7a9nj_20260730T230000Z," El Chequeo de calidad  PUESTOS 2,  3, 4,  ,5,  15,  ,8  ,13 ,",2026-07-30T19:00:00-04:00,2026-07-30T19:45:00-04:00,No,ENCARGADO DE FABRICACION,24,Otro,NONE,#a47ae2,Si,,,,,,,,,,
5nb8mvdcfg6j3d4pffipt18d0h_20260730T234500Z,Limpieza arriba de mesas y al rededor,2026-07-30T19:45:00-04:00,2026-07-30T20:30:00-04:00,No,ENCARGADO DE FABRICACION,24,Otro,NONE,#a47ae2,Si,,,,,,,,,,
4hb8def5jk9c0fppan23o67k63_20260731T000000Z,Revision mensual del puesto 13,2026-07-30T20:00:00-04:00,2026-07-30T20:45:00-04:00,No,ENCARGADO DE FABRICACION,24,Otro,NONE,#a47ae2,Si,,,,,,,,llenar estos datos para puesto de doblador de ordenes todos los meses,llenar estos datos para puesto de doblador de ordenes todos los meses,
3qb3qn8jvrkvdpeffgfvgb826o_20260731T003000Z,Calendarios de avances del dia.,2026-07-30T20:30:00-04:00,2026-07-30T21:15:00-04:00,No,ENCARGADO DE FABRICACION,24,Otro,NONE,#a47ae2,Si,,,,,,,,,,
vphofhas3s0f0hmnv6q17bj2vb_20260731T013000Z,Cuales papiros a modificar de fabricaciones.,2026-07-30T21:30:00-04:00,2026-07-30T22:15:00-04:00,No,ENCARGADO DE FABRICACION,24,Otro,NONE,#a47ae2,Si,,,,,,,,,,
27ecrt0df70icsj7626mictnjt_20260731T021500Z,Modificar papiros en la pc,2026-07-30T22:15:00-04:00,2026-07-30T23:00:00-04:00,No,ENCARGADO DE FABRICACION,24,Otro,NONE,#a47ae2,Si,,,,,,,,,,
c1rfd8udnqtfr8a15pqc99hc9f_20260731T114500Z,PEDAZOS DE TUBOS  Y ORDENES EN EL PISO,2026-07-31T07:45:00-04:00,2026-07-31T08:15:00-04:00,No,ENCARGADO DE FABRICACION,24,Otro,NONE,#a47ae2,Si,,,,,,,,Revisar no se esten quedando tubos y pedazos debajo.Que no se lleven tubos que son de separadores para el basudero. / mesa guillotina limpia / no tubo ni pedazos medio a medio. / ORDENES EN EL MEDIO DEL CAMINO QUE DIFICULTA EL CAMINAR.,"Revisar no se esten quedando tubos y pedazos debajo.Que no se lleven tubos que son de separadores para el basudero.
mesa guillotina limpia
no tubo ni pedazos medio a medio.
ORDENES EN EL MEDIO DEL CAMINO QUE DIFICULTA EL CAMINAR.",
aths67orq9j2ttgcs2vgjbech5_20260731T140000Z,"Pedido de Tapas y macheticos,jalones. pedido al tamarindo.",2026-07-31T10:00:00-04:00,2026-07-31T10:45:00-04:00,No,ENCARGADO DE FABRICACION,24,Otro,NONE,#a47ae2,Si,,,,,,,,"DEJARLE LISTA PUESTO 8 DE CARRETERES A FABRICAR. / CONFIRMAR ANTES DE PEDIR TOLA SI NO HAY, EN EL TAMARINDO / ENVIAR PEDIDO AL TAMARINDO DE CORTES DE TAPAS, CANTIDADES. / TA-1 HIJET TA-2 TOW ACE TA-3 KIA TA-4 NV200 TA-5 COASTER TA-6 APV","DEJARLE LISTA PUESTO 8 DE CARRETERES A FABRICAR.
CONFIRMAR ANTES DE PEDIR TOLA SI NO HAY, EN EL TAMARINDO
ENVIAR PEDIDO AL TAMARINDO DE CORTES DE TAPAS, CANTIDADES.
TA-1 HIJET TA-2 TOW ACE TA-3 KIA TA-4 NV200 TA-5 COASTER TA-6 APV",
1sibbnnqvpsbjdmae39p82gksv_20260731T170000Z,Ollos en tapas esten bien antes de armar carreter,2026-07-31T13:00:00-04:00,2026-07-31T13:15:00-04:00,No,ENCARGADO DE FABRICACION,24,Otro,NONE,#a47ae2,Si,,,,,,,,,,
4mci0naamtkbbp8gin1kv4gl7q_20260731T200000Z,PEDIDO ACERO Y CONSUMIBLES EN ALEGRA,2026-07-31T16:00:00-04:00,2026-07-31T16:30:00-04:00,No,ENCARGADO DE FABRICACION,24,Otro,NONE,#a47ae2,Si,,,,,,,,,,
5filveget4nqn7to7rsh19om4n_20260731T214500Z,Chequeo de calidad de lo que salio hoy por MESA,2026-07-31T17:45:00-04:00,2026-07-31T18:30:00-04:00,No,ENCARGADO DE FABRICACION,24,Otro,NONE,#a47ae2,Si,,,,,,,,Tecnico----Con papiro de armado. / patas de traseros y estribos bien puestas segun papiro / pisa pies / el ancho / revire / Diseño---no esten tumbadas las curvas.p / patas de porta escaleras.,"Tecnico----Con papiro de armado.
patas de traseros y estribos bien puestas segun papiro
pisa pies
el ancho
revire
Diseño---no esten tumbadas las curvas.p
patas de porta escaleras.",
4vv692i7bbok26rlp1rjj7a9nj_20260731T230000Z," El Chequeo de calidad  PUESTOS 2,  3, 4,  ,5,  15,  ,8  ,13 ,",2026-07-31T19:00:00-04:00,2026-07-31T19:45:00-04:00,No,ENCARGADO DE FABRICACION,24,Otro,NONE,#a47ae2,Si,,,,,,,,,,
5nb8mvdcfg6j3d4pffipt18d0h_20260731T234500Z,Limpieza arriba de mesas y al rededor,2026-07-31T19:45:00-04:00,2026-07-31T20:30:00-04:00,No,ENCARGADO DE FABRICACION,24,Otro,NONE,#a47ae2,Si,,,,,,,,,,
3qb3qn8jvrkvdpeffgfvgb826o_20260801T003000Z,Calendarios de avances del dia.,2026-07-31T20:30:00-04:00,2026-07-31T21:15:00-04:00,No,ENCARGADO DE FABRICACION,24,Otro,NONE,#a47ae2,Si,,,,,,,,,,
vphofhas3s0f0hmnv6q17bj2vb_20260801T013000Z,Cuales papiros a modificar de fabricaciones.,2026-07-31T21:30:00-04:00,2026-07-31T22:15:00-04:00,No,ENCARGADO DE FABRICACION,24,Otro,NONE,#a47ae2,Si,,,,,,,,,,
27ecrt0df70icsj7626mictnjt_20260801T021500Z,Modificar papiros en la pc,2026-07-31T22:15:00-04:00,2026-07-31T23:00:00-04:00,No,ENCARGADO DE FABRICACION,24,Otro,NONE,#a47ae2,Si,,,,,,,,,,
c1rfd8udnqtfr8a15pqc99hc9f_20260801T114500Z,PEDAZOS DE TUBOS  Y ORDENES EN EL PISO,2026-08-01T07:45:00-04:00,2026-08-01T08:15:00-04:00,No,ENCARGADO DE FABRICACION,24,Otro,NONE,#a47ae2,Si,,,,,,,,Revisar no se esten quedando tubos y pedazos debajo.Que no se lleven tubos que son de separadores para el basudero. / mesa guillotina limpia / no tubo ni pedazos medio a medio. / ORDENES EN EL MEDIO DEL CAMINO QUE DIFICULTA EL CAMINAR.,"Revisar no se esten quedando tubos y pedazos debajo.Que no se lleven tubos que son de separadores para el basudero.
mesa guillotina limpia
no tubo ni pedazos medio a medio.
ORDENES EN EL MEDIO DEL CAMINO QUE DIFICULTA EL CAMINAR.",
c1rfd8udnqtfr8a15pqc99hc9f_20260803T114500Z,PEDAZOS DE TUBOS  Y ORDENES EN EL PISO,2026-08-03T07:45:00-04:00,2026-08-03T08:15:00-04:00,No,ENCARGADO DE FABRICACION,24,Otro,NONE,#a47ae2,Si,,,,,,,,Revisar no se esten quedando tubos y pedazos debajo.Que no se lleven tubos que son de separadores para el basudero. / mesa guillotina limpia / no tubo ni pedazos medio a medio. / ORDENES EN EL MEDIO DEL CAMINO QUE DIFICULTA EL CAMINAR.,"Revisar no se esten quedando tubos y pedazos debajo.Que no se lleven tubos que son de separadores para el basudero.
mesa guillotina limpia
no tubo ni pedazos medio a medio.
ORDENES EN EL MEDIO DEL CAMINO QUE DIFICULTA EL CAMINAR.",
aths67orq9j2ttgcs2vgjbech5_20260803T140000Z,"Pedido de Tapas y macheticos,jalones. pedido al tamarindo.",2026-08-03T10:00:00-04:00,2026-08-03T10:45:00-04:00,No,ENCARGADO DE FABRICACION,24,Otro,NONE,#a47ae2,Si,,,,,,,,"DEJARLE LISTA PUESTO 8 DE CARRETERES A FABRICAR. / CONFIRMAR ANTES DE PEDIR TOLA SI NO HAY, EN EL TAMARINDO / ENVIAR PEDIDO AL TAMARINDO DE CORTES DE TAPAS, CANTIDADES. / TA-1 HIJET TA-2 TOW ACE TA-3 KIA TA-4 NV200 TA-5 COASTER TA-6 APV","DEJARLE LISTA PUESTO 8 DE CARRETERES A FABRICAR.
CONFIRMAR ANTES DE PEDIR TOLA SI NO HAY, EN EL TAMARINDO
ENVIAR PEDIDO AL TAMARINDO DE CORTES DE TAPAS, CANTIDADES.
TA-1 HIJET TA-2 TOW ACE TA-3 KIA TA-4 NV200 TA-5 COASTER TA-6 APV",
4mci0naamtkbbp8gin1kv4gl7q_20260803T200000Z,PEDIDO ACERO Y CONSUMIBLES EN ALEGRA,2026-08-03T16:00:00-04:00,2026-08-03T16:30:00-04:00,No,ENCARGADO DE FABRICACION,24,Otro,NONE,#a47ae2,Si,,,,,,,,,,
5filveget4nqn7to7rsh19om4n_20260803T214500Z,Chequeo de calidad de lo que salio hoy por MESA,2026-08-03T17:45:00-04:00,2026-08-03T18:30:00-04:00,No,ENCARGADO DE FABRICACION,24,Otro,NONE,#a47ae2,Si,,,,,,,,Tecnico----Con papiro de armado. / patas de traseros y estribos bien puestas segun papiro / pisa pies / el ancho / revire / Diseño---no esten tumbadas las curvas.p / patas de porta escaleras.,"Tecnico----Con papiro de armado.
patas de traseros y estribos bien puestas segun papiro
pisa pies
el ancho
revire
Diseño---no esten tumbadas las curvas.p
patas de porta escaleras.",
4vv692i7bbok26rlp1rjj7a9nj_20260803T230000Z," El Chequeo de calidad  PUESTOS 2,  3, 4,  ,5,  15,  ,8  ,13 ,",2026-08-03T19:00:00-04:00,2026-08-03T19:45:00-04:00,No,ENCARGADO DE FABRICACION,24,Otro,NONE,#a47ae2,Si,,,,,,,,,,
5nb8mvdcfg6j3d4pffipt18d0h_20260803T234500Z,Limpieza arriba de mesas y al rededor,2026-08-03T19:45:00-04:00,2026-08-03T20:30:00-04:00,No,ENCARGADO DE FABRICACION,24,Otro,NONE,#a47ae2,Si,,,,,,,,,,
4hb8def5jk9c0fppan23o67k63_20260804T000000Z,Revision mensual del puesto 13,2026-08-03T20:00:00-04:00,2026-08-03T20:45:00-04:00,No,ENCARGADO DE FABRICACION,24,Otro,NONE,#a47ae2,Si,,,,,,,,llenar estos datos para puesto de doblador de ordenes todos los meses,llenar estos datos para puesto de doblador de ordenes todos los meses,
3qb3qn8jvrkvdpeffgfvgb826o_20260804T003000Z,Calendarios de avances del dia.,2026-08-03T20:30:00-04:00,2026-08-03T21:15:00-04:00,No,ENCARGADO DE FABRICACION,24,Otro,NONE,#a47ae2,Si,,,,,,,,,,
vphofhas3s0f0hmnv6q17bj2vb_20260804T013000Z,Cuales papiros a modificar de fabricaciones.,2026-08-03T21:30:00-04:00,2026-08-03T22:15:00-04:00,No,ENCARGADO DE FABRICACION,24,Otro,NONE,#a47ae2,Si,,,,,,,,,,
27ecrt0df70icsj7626mictnjt_20260804T021500Z,Modificar papiros en la pc,2026-08-03T22:15:00-04:00,2026-08-03T23:00:00-04:00,No,ENCARGADO DE FABRICACION,24,Otro,NONE,#a47ae2,Si,,,,,,,,,,
c1rfd8udnqtfr8a15pqc99hc9f_20260804T114500Z,PEDAZOS DE TUBOS  Y ORDENES EN EL PISO,2026-08-04T07:45:00-04:00,2026-08-04T08:15:00-04:00,No,ENCARGADO DE FABRICACION,24,Otro,NONE,#a47ae2,Si,,,,,,,,Revisar no se esten quedando tubos y pedazos debajo.Que no se lleven tubos que son de separadores para el basudero. / mesa guillotina limpia / no tubo ni pedazos medio a medio. / ORDENES EN EL MEDIO DEL CAMINO QUE DIFICULTA EL CAMINAR.,"Revisar no se esten quedando tubos y pedazos debajo.Que no se lleven tubos que son de separadores para el basudero.
mesa guillotina limpia
no tubo ni pedazos medio a medio.
ORDENES EN EL MEDIO DEL CAMINO QUE DIFICULTA EL CAMINAR.",
1sibbnnqvpsbjdmae39p82gksv_20260804T170000Z,Ollos en tapas esten bien antes de armar carreter,2026-08-04T13:00:00-04:00,2026-08-04T13:15:00-04:00,No,ENCARGADO DE FABRICACION,24,Otro,NONE,#a47ae2,Si,,,,,,,,,,
0hf2hucf448kd4vro5793gqfaq_20260804T180000Z,REVISION DE MESAS Y CAJAS LIMPIAS Y ORGANIDAS,2026-08-04T14:00:00-04:00,2026-08-04T14:45:00-04:00,No,ENCARGADO DE FABRICACION,24,Otro,NONE,#a47ae2,Si,,,,,,,,,,
4mci0naamtkbbp8gin1kv4gl7q_20260804T200000Z,PEDIDO ACERO Y CONSUMIBLES EN ALEGRA,2026-08-04T16:00:00-04:00,2026-08-04T16:30:00-04:00,No,ENCARGADO DE FABRICACION,24,Otro,NONE,#a47ae2,Si,,,,,,,,,,
5filveget4nqn7to7rsh19om4n_20260804T214500Z,Chequeo de calidad de lo que salio hoy por MESA,2026-08-04T17:45:00-04:00,2026-08-04T18:30:00-04:00,No,ENCARGADO DE FABRICACION,24,Otro,NONE,#a47ae2,Si,,,,,,,,Tecnico----Con papiro de armado. / patas de traseros y estribos bien puestas segun papiro / pisa pies / el ancho / revire / Diseño---no esten tumbadas las curvas.p / patas de porta escaleras.,"Tecnico----Con papiro de armado.
patas de traseros y estribos bien puestas segun papiro
pisa pies
el ancho
revire
Diseño---no esten tumbadas las curvas.p
patas de porta escaleras.",
4vv692i7bbok26rlp1rjj7a9nj_20260804T230000Z," El Chequeo de calidad  PUESTOS 2,  3, 4,  ,5,  15,  ,8  ,13 ,",2026-08-04T19:00:00-04:00,2026-08-04T19:45:00-04:00,No,ENCARGADO DE FABRICACION,24,Otro,NONE,#a47ae2,Si,,,,,,,,,,
5nb8mvdcfg6j3d4pffipt18d0h_20260804T234500Z,Limpieza arriba de mesas y al rededor,2026-08-04T19:45:00-04:00,2026-08-04T20:30:00-04:00,No,ENCARGADO DE FABRICACION,24,Otro,NONE,#a47ae2,Si,,,,,,,,,,
3qb3qn8jvrkvdpeffgfvgb826o_20260805T003000Z,Calendarios de avances del dia.,2026-08-04T20:30:00-04:00,2026-08-04T21:15:00-04:00,No,ENCARGADO DE FABRICACION,24,Otro,NONE,#a47ae2,Si,,,,,,,,,,
vphofhas3s0f0hmnv6q17bj2vb_20260805T013000Z,Cuales papiros a modificar de fabricaciones.,2026-08-04T21:30:00-04:00,2026-08-04T22:15:00-04:00,No,ENCARGADO DE FABRICACION,24,Otro,NONE,#a47ae2,Si,,,,,,,,,,
27ecrt0df70icsj7626mictnjt_20260805T021500Z,Modificar papiros en la pc,2026-08-04T22:15:00-04:00,2026-08-04T23:00:00-04:00,No,ENCARGADO DE FABRICACION,24,Otro,NONE,#a47ae2,Si,,,,,,,,,,
c1rfd8udnqtfr8a15pqc99hc9f_20260805T114500Z,PEDAZOS DE TUBOS  Y ORDENES EN EL PISO,2026-08-05T07:45:00-04:00,2026-08-05T08:15:00-04:00,No,ENCARGADO DE FABRICACION,24,Otro,NONE,#a47ae2,Si,,,,,,,,Revisar no se esten quedando tubos y pedazos debajo.Que no se lleven tubos que son de separadores para el basudero. / mesa guillotina limpia / no tubo ni pedazos medio a medio. / ORDENES EN EL MEDIO DEL CAMINO QUE DIFICULTA EL CAMINAR.,"Revisar no se esten quedando tubos y pedazos debajo.Que no se lleven tubos que son de separadores para el basudero.
mesa guillotina limpia
no tubo ni pedazos medio a medio.
ORDENES EN EL MEDIO DEL CAMINO QUE DIFICULTA EL CAMINAR.",
aths67orq9j2ttgcs2vgjbech5_20260805T140000Z,"Pedido de Tapas y macheticos,jalones. pedido al tamarindo.",2026-08-05T10:00:00-04:00,2026-08-05T10:45:00-04:00,No,ENCARGADO DE FABRICACION,24,Otro,NONE,#a47ae2,Si,,,,,,,,"DEJARLE LISTA PUESTO 8 DE CARRETERES A FABRICAR. / CONFIRMAR ANTES DE PEDIR TOLA SI NO HAY, EN EL TAMARINDO / ENVIAR PEDIDO AL TAMARINDO DE CORTES DE TAPAS, CANTIDADES. / TA-1 HIJET TA-2 TOW ACE TA-3 KIA TA-4 NV200 TA-5 COASTER TA-6 APV","DEJARLE LISTA PUESTO 8 DE CARRETERES A FABRICAR.
CONFIRMAR ANTES DE PEDIR TOLA SI NO HAY, EN EL TAMARINDO
ENVIAR PEDIDO AL TAMARINDO DE CORTES DE TAPAS, CANTIDADES.
TA-1 HIJET TA-2 TOW ACE TA-3 KIA TA-4 NV200 TA-5 COASTER TA-6 APV",
4mci0naamtkbbp8gin1kv4gl7q_20260805T200000Z,PEDIDO ACERO Y CONSUMIBLES EN ALEGRA,2026-08-05T16:00:00-04:00,2026-08-05T16:30:00-04:00,No,ENCARGADO DE FABRICACION,24,Otro,NONE,#a47ae2,Si,,,,,,,,,,
5filveget4nqn7to7rsh19om4n_20260805T214500Z,Chequeo de calidad de lo que salio hoy por MESA,2026-08-05T17:45:00-04:00,2026-08-05T18:30:00-04:00,No,ENCARGADO DE FABRICACION,24,Otro,NONE,#a47ae2,Si,,,,,,,,Tecnico----Con papiro de armado. / patas de traseros y estribos bien puestas segun papiro / pisa pies / el ancho / revire / Diseño---no esten tumbadas las curvas.p / patas de porta escaleras.,"Tecnico----Con papiro de armado.
patas de traseros y estribos bien puestas segun papiro
pisa pies
el ancho
revire
Diseño---no esten tumbadas las curvas.p
patas de porta escaleras.",
4vv692i7bbok26rlp1rjj7a9nj_20260805T230000Z," El Chequeo de calidad  PUESTOS 2,  3, 4,  ,5,  15,  ,8  ,13 ,",2026-08-05T19:00:00-04:00,2026-08-05T19:45:00-04:00,No,ENCARGADO DE FABRICACION,24,Otro,NONE,#a47ae2,Si,,,,,,,,,,
5nb8mvdcfg6j3d4pffipt18d0h_20260805T234500Z,Limpieza arriba de mesas y al rededor,2026-08-05T19:45:00-04:00,2026-08-05T20:30:00-04:00,No,ENCARGADO DE FABRICACION,24,Otro,NONE,#a47ae2,Si,,,,,,,,,,
3qb3qn8jvrkvdpeffgfvgb826o_20260806T003000Z,Calendarios de avances del dia.,2026-08-05T20:30:00-04:00,2026-08-05T21:15:00-04:00,No,ENCARGADO DE FABRICACION,24,Otro,NONE,#a47ae2,Si,,,,,,,,,,
vphofhas3s0f0hmnv6q17bj2vb_20260806T013000Z,Cuales papiros a modificar de fabricaciones.,2026-08-05T21:30:00-04:00,2026-08-05T22:15:00-04:00,No,ENCARGADO DE FABRICACION,24,Otro,NONE,#a47ae2,Si,,,,,,,,,,
27ecrt0df70icsj7626mictnjt_20260806T021500Z,Modificar papiros en la pc,2026-08-05T22:15:00-04:00,2026-08-05T23:00:00-04:00,No,ENCARGADO DE FABRICACION,24,Otro,NONE,#a47ae2,Si,,,,,,,,,,
c1rfd8udnqtfr8a15pqc99hc9f_20260806T114500Z,PEDAZOS DE TUBOS  Y ORDENES EN EL PISO,2026-08-06T07:45:00-04:00,2026-08-06T08:15:00-04:00,No,ENCARGADO DE FABRICACION,24,Otro,NONE,#a47ae2,Si,,,,,,,,Revisar no se esten quedando tubos y pedazos debajo.Que no se lleven tubos que son de separadores para el basudero. / mesa guillotina limpia / no tubo ni pedazos medio a medio. / ORDENES EN EL MEDIO DEL CAMINO QUE DIFICULTA EL CAMINAR.,"Revisar no se esten quedando tubos y pedazos debajo.Que no se lleven tubos que son de separadores para el basudero.
mesa guillotina limpia
no tubo ni pedazos medio a medio.
ORDENES EN EL MEDIO DEL CAMINO QUE DIFICULTA EL CAMINAR.",
4mci0naamtkbbp8gin1kv4gl7q_20260806T200000Z,PEDIDO ACERO Y CONSUMIBLES EN ALEGRA,2026-08-06T16:00:00-04:00,2026-08-06T16:30:00-04:00,No,ENCARGADO DE FABRICACION,24,Otro,NONE,#a47ae2,Si,,,,,,,,,,
5filveget4nqn7to7rsh19om4n_20260806T214500Z,Chequeo de calidad de lo que salio hoy por MESA,2026-08-06T17:45:00-04:00,2026-08-06T18:30:00-04:00,No,ENCARGADO DE FABRICACION,24,Otro,NONE,#a47ae2,Si,,,,,,,,Tecnico----Con papiro de armado. / patas de traseros y estribos bien puestas segun papiro / pisa pies / el ancho / revire / Diseño---no esten tumbadas las curvas.p / patas de porta escaleras.,"Tecnico----Con papiro de armado.
patas de traseros y estribos bien puestas segun papiro
pisa pies
el ancho
revire
Diseño---no esten tumbadas las curvas.p
patas de porta escaleras.",
4vv692i7bbok26rlp1rjj7a9nj_20260806T230000Z," El Chequeo de calidad  PUESTOS 2,  3, 4,  ,5,  15,  ,8  ,13 ,",2026-08-06T19:00:00-04:00,2026-08-06T19:45:00-04:00,No,ENCARGADO DE FABRICACION,24,Otro,NONE,#a47ae2,Si,,,,,,,,,,
5nb8mvdcfg6j3d4pffipt18d0h_20260806T234500Z,Limpieza arriba de mesas y al rededor,2026-08-06T19:45:00-04:00,2026-08-06T20:30:00-04:00,No,ENCARGADO DE FABRICACION,24,Otro,NONE,#a47ae2,Si,,,,,,,,,,
4hb8def5jk9c0fppan23o67k63_20260807T000000Z,Revision mensual del puesto 13,2026-08-06T20:00:00-04:00,2026-08-06T20:45:00-04:00,No,ENCARGADO DE FABRICACION,24,Otro,NONE,#a47ae2,Si,,,,,,,,llenar estos datos para puesto de doblador de ordenes todos los meses,llenar estos datos para puesto de doblador de ordenes todos los meses,
3qb3qn8jvrkvdpeffgfvgb826o_20260807T003000Z,Calendarios de avances del dia.,2026-08-06T20:30:00-04:00,2026-08-06T21:15:00-04:00,No,ENCARGADO DE FABRICACION,24,Otro,NONE,#a47ae2,Si,,,,,,,,,,
vphofhas3s0f0hmnv6q17bj2vb_20260807T013000Z,Cuales papiros a modificar de fabricaciones.,2026-08-06T21:30:00-04:00,2026-08-06T22:15:00-04:00,No,ENCARGADO DE FABRICACION,24,Otro,NONE,#a47ae2,Si,,,,,,,,,,
27ecrt0df70icsj7626mictnjt_20260807T021500Z,Modificar papiros en la pc,2026-08-06T22:15:00-04:00,2026-08-06T23:00:00-04:00,No,ENCARGADO DE FABRICACION,24,Otro,NONE,#a47ae2,Si,,,,,,,,,,
c1rfd8udnqtfr8a15pqc99hc9f_20260807T114500Z,PEDAZOS DE TUBOS  Y ORDENES EN EL PISO,2026-08-07T07:45:00-04:00,2026-08-07T08:15:00-04:00,No,ENCARGADO DE FABRICACION,24,Otro,NONE,#a47ae2,Si,,,,,,,,Revisar no se esten quedando tubos y pedazos debajo.Que no se lleven tubos que son de separadores para el basudero. / mesa guillotina limpia / no tubo ni pedazos medio a medio. / ORDENES EN EL MEDIO DEL CAMINO QUE DIFICULTA EL CAMINAR.,"Revisar no se esten quedando tubos y pedazos debajo.Que no se lleven tubos que son de separadores para el basudero.
mesa guillotina limpia
no tubo ni pedazos medio a medio.
ORDENES EN EL MEDIO DEL CAMINO QUE DIFICULTA EL CAMINAR.",
aths67orq9j2ttgcs2vgjbech5_20260807T140000Z,"Pedido de Tapas y macheticos,jalones. pedido al tamarindo.",2026-08-07T10:00:00-04:00,2026-08-07T10:45:00-04:00,No,ENCARGADO DE FABRICACION,24,Otro,NONE,#a47ae2,Si,,,,,,,,"DEJARLE LISTA PUESTO 8 DE CARRETERES A FABRICAR. / CONFIRMAR ANTES DE PEDIR TOLA SI NO HAY, EN EL TAMARINDO / ENVIAR PEDIDO AL TAMARINDO DE CORTES DE TAPAS, CANTIDADES. / TA-1 HIJET TA-2 TOW ACE TA-3 KIA TA-4 NV200 TA-5 COASTER TA-6 APV","DEJARLE LISTA PUESTO 8 DE CARRETERES A FABRICAR.
CONFIRMAR ANTES DE PEDIR TOLA SI NO HAY, EN EL TAMARINDO
ENVIAR PEDIDO AL TAMARINDO DE CORTES DE TAPAS, CANTIDADES.
TA-1 HIJET TA-2 TOW ACE TA-3 KIA TA-4 NV200 TA-5 COASTER TA-6 APV",
1sibbnnqvpsbjdmae39p82gksv_20260807T170000Z,Ollos en tapas esten bien antes de armar carreter,2026-08-07T13:00:00-04:00,2026-08-07T13:15:00-04:00,No,ENCARGADO DE FABRICACION,24,Otro,NONE,#a47ae2,Si,,,,,,,,,,
4mci0naamtkbbp8gin1kv4gl7q_20260807T200000Z,PEDIDO ACERO Y CONSUMIBLES EN ALEGRA,2026-08-07T16:00:00-04:00,2026-08-07T16:30:00-04:00,No,ENCARGADO DE FABRICACION,24,Otro,NONE,#a47ae2,Si,,,,,,,,,,
5filveget4nqn7to7rsh19om4n_20260807T214500Z,Chequeo de calidad de lo que salio hoy por MESA,2026-08-07T17:45:00-04:00,2026-08-07T18:30:00-04:00,No,ENCARGADO DE FABRICACION,24,Otro,NONE,#a47ae2,Si,,,,,,,,Tecnico----Con papiro de armado. / patas de traseros y estribos bien puestas segun papiro / pisa pies / el ancho / revire / Diseño---no esten tumbadas las curvas.p / patas de porta escaleras.,"Tecnico----Con papiro de armado.
patas de traseros y estribos bien puestas segun papiro
pisa pies
el ancho
revire
Diseño---no esten tumbadas las curvas.p
patas de porta escaleras.",
4vv692i7bbok26rlp1rjj7a9nj_20260807T230000Z," El Chequeo de calidad  PUESTOS 2,  3, 4,  ,5,  15,  ,8  ,13 ,",2026-08-07T19:00:00-04:00,2026-08-07T19:45:00-04:00,No,ENCARGADO DE FABRICACION,24,Otro,NONE,#a47ae2,Si,,,,,,,,,,
5nb8mvdcfg6j3d4pffipt18d0h_20260807T234500Z,Limpieza arriba de mesas y al rededor,2026-08-07T19:45:00-04:00,2026-08-07T20:30:00-04:00,No,ENCARGADO DE FABRICACION,24,Otro,NONE,#a47ae2,Si,,,,,,,,,,
3qb3qn8jvrkvdpeffgfvgb826o_20260808T003000Z,Calendarios de avances del dia.,2026-08-07T20:30:00-04:00,2026-08-07T21:15:00-04:00,No,ENCARGADO DE FABRICACION,24,Otro,NONE,#a47ae2,Si,,,,,,,,,,
vphofhas3s0f0hmnv6q17bj2vb_20260808T013000Z,Cuales papiros a modificar de fabricaciones.,2026-08-07T21:30:00-04:00,2026-08-07T22:15:00-04:00,No,ENCARGADO DE FABRICACION,24,Otro,NONE,#a47ae2,Si,,,,,,,,,,
27ecrt0df70icsj7626mictnjt_20260808T021500Z,Modificar papiros en la pc,2026-08-07T22:15:00-04:00,2026-08-07T23:00:00-04:00,No,ENCARGADO DE FABRICACION,24,Otro,NONE,#a47ae2,Si,,,,,,,,,,
c1rfd8udnqtfr8a15pqc99hc9f_20260808T114500Z,PEDAZOS DE TUBOS  Y ORDENES EN EL PISO,2026-08-08T07:45:00-04:00,2026-08-08T08:15:00-04:00,No,ENCARGADO DE FABRICACION,24,Otro,NONE,#a47ae2,Si,,,,,,,,Revisar no se esten quedando tubos y pedazos debajo.Que no se lleven tubos que son de separadores para el basudero. / mesa guillotina limpia / no tubo ni pedazos medio a medio. / ORDENES EN EL MEDIO DEL CAMINO QUE DIFICULTA EL CAMINAR.,"Revisar no se esten quedando tubos y pedazos debajo.Que no se lleven tubos que son de separadores para el basudero.
mesa guillotina limpia
no tubo ni pedazos medio a medio.
ORDENES EN EL MEDIO DEL CAMINO QUE DIFICULTA EL CAMINAR.",
6dh62chhc9h3gbb46dj32b9kcph34bb1c4r3eb9l6gs32o9kc4q34dpi6k_20260808T223000Z,Poner colores de guías para doblar y cortar y números,2026-08-08T18:30:00-04:00,2026-08-08T19:15:00-04:00,No,ENCARGADO DE FABRICACION,24,Otro,NONE,#a47ae2,Si,,,,,,,,1- dar colores a troqueles dobladora / 2- colores a tubos que son iguales a troqueles / 3- remarcar número a muestrario de tubos y planchuela / 4- colores a tubos de muestrario,"1- dar colores a troqueles dobladora
2- colores a tubos que son iguales a troqueles
3- remarcar número a muestrario de tubos y planchuela
4- colores a tubos de muestrario",
c1rfd8udnqtfr8a15pqc99hc9f_20260810T114500Z,PEDAZOS DE TUBOS  Y ORDENES EN EL PISO,2026-08-10T07:45:00-04:00,2026-08-10T08:15:00-04:00,No,ENCARGADO DE FABRICACION,24,Otro,NONE,#a47ae2,Si,,,,,,,,Revisar no se esten quedando tubos y pedazos debajo.Que no se lleven tubos que son de separadores para el basudero. / mesa guillotina limpia / no tubo ni pedazos medio a medio. / ORDENES EN EL MEDIO DEL CAMINO QUE DIFICULTA EL CAMINAR.,"Revisar no se esten quedando tubos y pedazos debajo.Que no se lleven tubos que son de separadores para el basudero.
mesa guillotina limpia
no tubo ni pedazos medio a medio.
ORDENES EN EL MEDIO DEL CAMINO QUE DIFICULTA EL CAMINAR.",
aths67orq9j2ttgcs2vgjbech5_20260810T140000Z,"Pedido de Tapas y macheticos,jalones. pedido al tamarindo.",2026-08-10T10:00:00-04:00,2026-08-10T10:45:00-04:00,No,ENCARGADO DE FABRICACION,24,Otro,NONE,#a47ae2,Si,,,,,,,,"DEJARLE LISTA PUESTO 8 DE CARRETERES A FABRICAR. / CONFIRMAR ANTES DE PEDIR TOLA SI NO HAY, EN EL TAMARINDO / ENVIAR PEDIDO AL TAMARINDO DE CORTES DE TAPAS, CANTIDADES. / TA-1 HIJET TA-2 TOW ACE TA-3 KIA TA-4 NV200 TA-5 COASTER TA-6 APV","DEJARLE LISTA PUESTO 8 DE CARRETERES A FABRICAR.
CONFIRMAR ANTES DE PEDIR TOLA SI NO HAY, EN EL TAMARINDO
ENVIAR PEDIDO AL TAMARINDO DE CORTES DE TAPAS, CANTIDADES.
TA-1 HIJET TA-2 TOW ACE TA-3 KIA TA-4 NV200 TA-5 COASTER TA-6 APV",
4mci0naamtkbbp8gin1kv4gl7q_20260810T200000Z,PEDIDO ACERO Y CONSUMIBLES EN ALEGRA,2026-08-10T16:00:00-04:00,2026-08-10T16:30:00-04:00,No,ENCARGADO DE FABRICACION,24,Otro,NONE,#a47ae2,Si,,,,,,,,,,
5filveget4nqn7to7rsh19om4n_20260810T214500Z,Chequeo de calidad de lo que salio hoy por MESA,2026-08-10T17:45:00-04:00,2026-08-10T18:30:00-04:00,No,ENCARGADO DE FABRICACION,24,Otro,NONE,#a47ae2,Si,,,,,,,,Tecnico----Con papiro de armado. / patas de traseros y estribos bien puestas segun papiro / pisa pies / el ancho / revire / Diseño---no esten tumbadas las curvas.p / patas de porta escaleras.,"Tecnico----Con papiro de armado.
patas de traseros y estribos bien puestas segun papiro
pisa pies
el ancho
revire
Diseño---no esten tumbadas las curvas.p
patas de porta escaleras.",
4vv692i7bbok26rlp1rjj7a9nj_20260810T230000Z," El Chequeo de calidad  PUESTOS 2,  3, 4,  ,5,  15,  ,8  ,13 ,",2026-08-10T19:00:00-04:00,2026-08-10T19:45:00-04:00,No,ENCARGADO DE FABRICACION,24,Otro,NONE,#a47ae2,Si,,,,,,,,,,
5nb8mvdcfg6j3d4pffipt18d0h_20260810T234500Z,Limpieza arriba de mesas y al rededor,2026-08-10T19:45:00-04:00,2026-08-10T20:30:00-04:00,No,ENCARGADO DE FABRICACION,24,Otro,NONE,#a47ae2,Si,,,,,,,,,,
4hb8def5jk9c0fppan23o67k63_20260811T000000Z,Revision mensual del puesto 13,2026-08-10T20:00:00-04:00,2026-08-10T20:45:00-04:00,No,ENCARGADO DE FABRICACION,24,Otro,NONE,#a47ae2,Si,,,,,,,,llenar estos datos para puesto de doblador de ordenes todos los meses,llenar estos datos para puesto de doblador de ordenes todos los meses,
3qb3qn8jvrkvdpeffgfvgb826o_20260811T003000Z,Calendarios de avances del dia.,2026-08-10T20:30:00-04:00,2026-08-10T21:15:00-04:00,No,ENCARGADO DE FABRICACION,24,Otro,NONE,#a47ae2,Si,,,,,,,,,,
vphofhas3s0f0hmnv6q17bj2vb_20260811T013000Z,Cuales papiros a modificar de fabricaciones.,2026-08-10T21:30:00-04:00,2026-08-10T22:15:00-04:00,No,ENCARGADO DE FABRICACION,24,Otro,NONE,#a47ae2,Si,,,,,,,,,,
27ecrt0df70icsj7626mictnjt_20260811T021500Z,Modificar papiros en la pc,2026-08-10T22:15:00-04:00,2026-08-10T23:00:00-04:00,No,ENCARGADO DE FABRICACION,24,Otro,NONE,#a47ae2,Si,,,,,,,,,,
c1rfd8udnqtfr8a15pqc99hc9f_20260811T114500Z,PEDAZOS DE TUBOS  Y ORDENES EN EL PISO,2026-08-11T07:45:00-04:00,2026-08-11T08:15:00-04:00,No,ENCARGADO DE FABRICACION,24,Otro,NONE,#a47ae2,Si,,,,,,,,Revisar no se esten quedando tubos y pedazos debajo.Que no se lleven tubos que son de separadores para el basudero. / mesa guillotina limpia / no tubo ni pedazos medio a medio. / ORDENES EN EL MEDIO DEL CAMINO QUE DIFICULTA EL CAMINAR.,"Revisar no se esten quedando tubos y pedazos debajo.Que no se lleven tubos que son de separadores para el basudero.
mesa guillotina limpia
no tubo ni pedazos medio a medio.
ORDENES EN EL MEDIO DEL CAMINO QUE DIFICULTA EL CAMINAR.",
1sibbnnqvpsbjdmae39p82gksv_20260811T170000Z,Ollos en tapas esten bien antes de armar carreter,2026-08-11T13:00:00-04:00,2026-08-11T13:15:00-04:00,No,ENCARGADO DE FABRICACION,24,Otro,NONE,#a47ae2,Si,,,,,,,,,,
0hf2hucf448kd4vro5793gqfaq_20260811T180000Z,REVISION DE MESAS Y CAJAS LIMPIAS Y ORGANIDAS,2026-08-11T14:00:00-04:00,2026-08-11T14:45:00-04:00,No,ENCARGADO DE FABRICACION,24,Otro,NONE,#a47ae2,Si,,,,,,,,,,
4mci0naamtkbbp8gin1kv4gl7q_20260811T200000Z,PEDIDO ACERO Y CONSUMIBLES EN ALEGRA,2026-08-11T16:00:00-04:00,2026-08-11T16:30:00-04:00,No,ENCARGADO DE FABRICACION,24,Otro,NONE,#a47ae2,Si,,,,,,,,,,
5filveget4nqn7to7rsh19om4n_20260811T214500Z,Chequeo de calidad de lo que salio hoy por MESA,2026-08-11T17:45:00-04:00,2026-08-11T18:30:00-04:00,No,ENCARGADO DE FABRICACION,24,Otro,NONE,#a47ae2,Si,,,,,,,,Tecnico----Con papiro de armado. / patas de traseros y estribos bien puestas segun papiro / pisa pies / el ancho / revire / Diseño---no esten tumbadas las curvas.p / patas de porta escaleras.,"Tecnico----Con papiro de armado.
patas de traseros y estribos bien puestas segun papiro
pisa pies
el ancho
revire
Diseño---no esten tumbadas las curvas.p
patas de porta escaleras.",
4vv692i7bbok26rlp1rjj7a9nj_20260811T230000Z," El Chequeo de calidad  PUESTOS 2,  3, 4,  ,5,  15,  ,8  ,13 ,",2026-08-11T19:00:00-04:00,2026-08-11T19:45:00-04:00,No,ENCARGADO DE FABRICACION,24,Otro,NONE,#a47ae2,Si,,,,,,,,,,
5nb8mvdcfg6j3d4pffipt18d0h_20260811T234500Z,Limpieza arriba de mesas y al rededor,2026-08-11T19:45:00-04:00,2026-08-11T20:30:00-04:00,No,ENCARGADO DE FABRICACION,24,Otro,NONE,#a47ae2,Si,,,,,,,,,,
3qb3qn8jvrkvdpeffgfvgb826o_20260812T003000Z,Calendarios de avances del dia.,2026-08-11T20:30:00-04:00,2026-08-11T21:15:00-04:00,No,ENCARGADO DE FABRICACION,24,Otro,NONE,#a47ae2,Si,,,,,,,,,,
vphofhas3s0f0hmnv6q17bj2vb_20260812T013000Z,Cuales papiros a modificar de fabricaciones.,2026-08-11T21:30:00-04:00,2026-08-11T22:15:00-04:00,No,ENCARGADO DE FABRICACION,24,Otro,NONE,#a47ae2,Si,,,,,,,,,,
27ecrt0df70icsj7626mictnjt_20260812T021500Z,Modificar papiros en la pc,2026-08-11T22:15:00-04:00,2026-08-11T23:00:00-04:00,No,ENCARGADO DE FABRICACION,24,Otro,NONE,#a47ae2,Si,,,,,,,,,,
c1rfd8udnqtfr8a15pqc99hc9f_20260812T114500Z,PEDAZOS DE TUBOS  Y ORDENES EN EL PISO,2026-08-12T07:45:00-04:00,2026-08-12T08:15:00-04:00,No,ENCARGADO DE FABRICACION,24,Otro,NONE,#a47ae2,Si,,,,,,,,Revisar no se esten quedando tubos y pedazos debajo.Que no se lleven tubos que son de separadores para el basudero. / mesa guillotina limpia / no tubo ni pedazos medio a medio. / ORDENES EN EL MEDIO DEL CAMINO QUE DIFICULTA EL CAMINAR.,"Revisar no se esten quedando tubos y pedazos debajo.Que no se lleven tubos que son de separadores para el basudero.
mesa guillotina limpia
no tubo ni pedazos medio a medio.
ORDENES EN EL MEDIO DEL CAMINO QUE DIFICULTA EL CAMINAR.",
aths67orq9j2ttgcs2vgjbech5_20260812T140000Z,"Pedido de Tapas y macheticos,jalones. pedido al tamarindo.",2026-08-12T10:00:00-04:00,2026-08-12T10:45:00-04:00,No,ENCARGADO DE FABRICACION,24,Otro,NONE,#a47ae2,Si,,,,,,,,"DEJARLE LISTA PUESTO 8 DE CARRETERES A FABRICAR. / CONFIRMAR ANTES DE PEDIR TOLA SI NO HAY, EN EL TAMARINDO / ENVIAR PEDIDO AL TAMARINDO DE CORTES DE TAPAS, CANTIDADES. / TA-1 HIJET TA-2 TOW ACE TA-3 KIA TA-4 NV200 TA-5 COASTER TA-6 APV","DEJARLE LISTA PUESTO 8 DE CARRETERES A FABRICAR.
CONFIRMAR ANTES DE PEDIR TOLA SI NO HAY, EN EL TAMARINDO
ENVIAR PEDIDO AL TAMARINDO DE CORTES DE TAPAS, CANTIDADES.
TA-1 HIJET TA-2 TOW ACE TA-3 KIA TA-4 NV200 TA-5 COASTER TA-6 APV",
4mci0naamtkbbp8gin1kv4gl7q_20260812T200000Z,PEDIDO ACERO Y CONSUMIBLES EN ALEGRA,2026-08-12T16:00:00-04:00,2026-08-12T16:30:00-04:00,No,ENCARGADO DE FABRICACION,24,Otro,NONE,#a47ae2,Si,,,,,,,,,,
5filveget4nqn7to7rsh19om4n_20260812T214500Z,Chequeo de calidad de lo que salio hoy por MESA,2026-08-12T17:45:00-04:00,2026-08-12T18:30:00-04:00,No,ENCARGADO DE FABRICACION,24,Otro,NONE,#a47ae2,Si,,,,,,,,Tecnico----Con papiro de armado. / patas de traseros y estribos bien puestas segun papiro / pisa pies / el ancho / revire / Diseño---no esten tumbadas las curvas.p / patas de porta escaleras.,"Tecnico----Con papiro de armado.
patas de traseros y estribos bien puestas segun papiro
pisa pies
el ancho
revire
Diseño---no esten tumbadas las curvas.p
patas de porta escaleras.",
4vv692i7bbok26rlp1rjj7a9nj_20260812T230000Z," El Chequeo de calidad  PUESTOS 2,  3, 4,  ,5,  15,  ,8  ,13 ,",2026-08-12T19:00:00-04:00,2026-08-12T19:45:00-04:00,No,ENCARGADO DE FABRICACION,24,Otro,NONE,#a47ae2,Si,,,,,,,,,,
5nb8mvdcfg6j3d4pffipt18d0h_20260812T234500Z,Limpieza arriba de mesas y al rededor,2026-08-12T19:45:00-04:00,2026-08-12T20:30:00-04:00,No,ENCARGADO DE FABRICACION,24,Otro,NONE,#a47ae2,Si,,,,,,,,,,
3qb3qn8jvrkvdpeffgfvgb826o_20260813T003000Z,Calendarios de avances del dia.,2026-08-12T20:30:00-04:00,2026-08-12T21:15:00-04:00,No,ENCARGADO DE FABRICACION,24,Otro,NONE,#a47ae2,Si,,,,,,,,,,
vphofhas3s0f0hmnv6q17bj2vb_20260813T013000Z,Cuales papiros a modificar de fabricaciones.,2026-08-12T21:30:00-04:00,2026-08-12T22:15:00-04:00,No,ENCARGADO DE FABRICACION,24,Otro,NONE,#a47ae2,Si,,,,,,,,,,
27ecrt0df70icsj7626mictnjt_20260813T021500Z,Modificar papiros en la pc,2026-08-12T22:15:00-04:00,2026-08-12T23:00:00-04:00,No,ENCARGADO DE FABRICACION,24,Otro,NONE,#a47ae2,Si,,,,,,,,,,
c1rfd8udnqtfr8a15pqc99hc9f_20260813T114500Z,PEDAZOS DE TUBOS  Y ORDENES EN EL PISO,2026-08-13T07:45:00-04:00,2026-08-13T08:15:00-04:00,No,ENCARGADO DE FABRICACION,24,Otro,NONE,#a47ae2,Si,,,,,,,,Revisar no se esten quedando tubos y pedazos debajo.Que no se lleven tubos que son de separadores para el basudero. / mesa guillotina limpia / no tubo ni pedazos medio a medio. / ORDENES EN EL MEDIO DEL CAMINO QUE DIFICULTA EL CAMINAR.,"Revisar no se esten quedando tubos y pedazos debajo.Que no se lleven tubos que son de separadores para el basudero.
mesa guillotina limpia
no tubo ni pedazos medio a medio.
ORDENES EN EL MEDIO DEL CAMINO QUE DIFICULTA EL CAMINAR.",
4mci0naamtkbbp8gin1kv4gl7q_20260813T200000Z,PEDIDO ACERO Y CONSUMIBLES EN ALEGRA,2026-08-13T16:00:00-04:00,2026-08-13T16:30:00-04:00,No,ENCARGADO DE FABRICACION,24,Otro,NONE,#a47ae2,Si,,,,,,,,,,
5filveget4nqn7to7rsh19om4n_20260813T214500Z,Chequeo de calidad de lo que salio hoy por MESA,2026-08-13T17:45:00-04:00,2026-08-13T18:30:00-04:00,No,ENCARGADO DE FABRICACION,24,Otro,NONE,#a47ae2,Si,,,,,,,,Tecnico----Con papiro de armado. / patas de traseros y estribos bien puestas segun papiro / pisa pies / el ancho / revire / Diseño---no esten tumbadas las curvas.p / patas de porta escaleras.,"Tecnico----Con papiro de armado.
patas de traseros y estribos bien puestas segun papiro
pisa pies
el ancho
revire
Diseño---no esten tumbadas las curvas.p
patas de porta escaleras.",
4vv692i7bbok26rlp1rjj7a9nj_20260813T230000Z," El Chequeo de calidad  PUESTOS 2,  3, 4,  ,5,  15,  ,8  ,13 ,",2026-08-13T19:00:00-04:00,2026-08-13T19:45:00-04:00,No,ENCARGADO DE FABRICACION,24,Otro,NONE,#a47ae2,Si,,,,,,,,,,
5nb8mvdcfg6j3d4pffipt18d0h_20260813T234500Z,Limpieza arriba de mesas y al rededor,2026-08-13T19:45:00-04:00,2026-08-13T20:30:00-04:00,No,ENCARGADO DE FABRICACION,24,Otro,NONE,#a47ae2,Si,,,,,,,,,,
4hb8def5jk9c0fppan23o67k63_20260814T000000Z,Revision mensual del puesto 13,2026-08-13T20:00:00-04:00,2026-08-13T20:45:00-04:00,No,ENCARGADO DE FABRICACION,24,Otro,NONE,#a47ae2,Si,,,,,,,,llenar estos datos para puesto de doblador de ordenes todos los meses,llenar estos datos para puesto de doblador de ordenes todos los meses,
3qb3qn8jvrkvdpeffgfvgb826o_20260814T003000Z,Calendarios de avances del dia.,2026-08-13T20:30:00-04:00,2026-08-13T21:15:00-04:00,No,ENCARGADO DE FABRICACION,24,Otro,NONE,#a47ae2,Si,,,,,,,,,,
vphofhas3s0f0hmnv6q17bj2vb_20260814T013000Z,Cuales papiros a modificar de fabricaciones.,2026-08-13T21:30:00-04:00,2026-08-13T22:15:00-04:00,No,ENCARGADO DE FABRICACION,24,Otro,NONE,#a47ae2,Si,,,,,,,,,,
27ecrt0df70icsj7626mictnjt_20260814T021500Z,Modificar papiros en la pc,2026-08-13T22:15:00-04:00,2026-08-13T23:00:00-04:00,No,ENCARGADO DE FABRICACION,24,Otro,NONE,#a47ae2,Si,,,,,,,,,,
c1rfd8udnqtfr8a15pqc99hc9f_20260814T114500Z,PEDAZOS DE TUBOS  Y ORDENES EN EL PISO,2026-08-14T07:45:00-04:00,2026-08-14T08:15:00-04:00,No,ENCARGADO DE FABRICACION,24,Otro,NONE,#a47ae2,Si,,,,,,,,Revisar no se esten quedando tubos y pedazos debajo.Que no se lleven tubos que son de separadores para el basudero. / mesa guillotina limpia / no tubo ni pedazos medio a medio. / ORDENES EN EL MEDIO DEL CAMINO QUE DIFICULTA EL CAMINAR.,"Revisar no se esten quedando tubos y pedazos debajo.Que no se lleven tubos que son de separadores para el basudero.
mesa guillotina limpia
no tubo ni pedazos medio a medio.
ORDENES EN EL MEDIO DEL CAMINO QUE DIFICULTA EL CAMINAR.",
aths67orq9j2ttgcs2vgjbech5_20260814T140000Z,"Pedido de Tapas y macheticos,jalones. pedido al tamarindo.",2026-08-14T10:00:00-04:00,2026-08-14T10:45:00-04:00,No,ENCARGADO DE FABRICACION,24,Otro,NONE,#a47ae2,Si,,,,,,,,"DEJARLE LISTA PUESTO 8 DE CARRETERES A FABRICAR. / CONFIRMAR ANTES DE PEDIR TOLA SI NO HAY, EN EL TAMARINDO / ENVIAR PEDIDO AL TAMARINDO DE CORTES DE TAPAS, CANTIDADES. / TA-1 HIJET TA-2 TOW ACE TA-3 KIA TA-4 NV200 TA-5 COASTER TA-6 APV","DEJARLE LISTA PUESTO 8 DE CARRETERES A FABRICAR.
CONFIRMAR ANTES DE PEDIR TOLA SI NO HAY, EN EL TAMARINDO
ENVIAR PEDIDO AL TAMARINDO DE CORTES DE TAPAS, CANTIDADES.
TA-1 HIJET TA-2 TOW ACE TA-3 KIA TA-4 NV200 TA-5 COASTER TA-6 APV",
1sibbnnqvpsbjdmae39p82gksv_20260814T170000Z,Ollos en tapas esten bien antes de armar carreter,2026-08-14T13:00:00-04:00,2026-08-14T13:15:00-04:00,No,ENCARGADO DE FABRICACION,24,Otro,NONE,#a47ae2,Si,,,,,,,,,,
4mci0naamtkbbp8gin1kv4gl7q_20260814T200000Z,PEDIDO ACERO Y CONSUMIBLES EN ALEGRA,2026-08-14T16:00:00-04:00,2026-08-14T16:30:00-04:00,No,ENCARGADO DE FABRICACION,24,Otro,NONE,#a47ae2,Si,,,,,,,,,,
5filveget4nqn7to7rsh19om4n_20260814T214500Z,Chequeo de calidad de lo que salio hoy por MESA,2026-08-14T17:45:00-04:00,2026-08-14T18:30:00-04:00,No,ENCARGADO DE FABRICACION,24,Otro,NONE,#a47ae2,Si,,,,,,,,Tecnico----Con papiro de armado. / patas de traseros y estribos bien puestas segun papiro / pisa pies / el ancho / revire / Diseño---no esten tumbadas las curvas.p / patas de porta escaleras.,"Tecnico----Con papiro de armado.
patas de traseros y estribos bien puestas segun papiro
pisa pies
el ancho
revire
Diseño---no esten tumbadas las curvas.p
patas de porta escaleras.",
4vv692i7bbok26rlp1rjj7a9nj_20260814T230000Z," El Chequeo de calidad  PUESTOS 2,  3, 4,  ,5,  15,  ,8  ,13 ,",2026-08-14T19:00:00-04:00,2026-08-14T19:45:00-04:00,No,ENCARGADO DE FABRICACION,24,Otro,NONE,#a47ae2,Si,,,,,,,,,,
5nb8mvdcfg6j3d4pffipt18d0h_20260814T234500Z,Limpieza arriba de mesas y al rededor,2026-08-14T19:45:00-04:00,2026-08-14T20:30:00-04:00,No,ENCARGADO DE FABRICACION,24,Otro,NONE,#a47ae2,Si,,,,,,,,,,
3qb3qn8jvrkvdpeffgfvgb826o_20260815T003000Z,Calendarios de avances del dia.,2026-08-14T20:30:00-04:00,2026-08-14T21:15:00-04:00,No,ENCARGADO DE FABRICACION,24,Otro,NONE,#a47ae2,Si,,,,,,,,,,
vphofhas3s0f0hmnv6q17bj2vb_20260815T013000Z,Cuales papiros a modificar de fabricaciones.,2026-08-14T21:30:00-04:00,2026-08-14T22:15:00-04:00,No,ENCARGADO DE FABRICACION,24,Otro,NONE,#a47ae2,Si,,,,,,,,,,
27ecrt0df70icsj7626mictnjt_20260815T021500Z,Modificar papiros en la pc,2026-08-14T22:15:00-04:00,2026-08-14T23:00:00-04:00,No,ENCARGADO DE FABRICACION,24,Otro,NONE,#a47ae2,Si,,,,,,,,,,
c1rfd8udnqtfr8a15pqc99hc9f_20260815T114500Z,PEDAZOS DE TUBOS  Y ORDENES EN EL PISO,2026-08-15T07:45:00-04:00,2026-08-15T08:15:00-04:00,No,ENCARGADO DE FABRICACION,24,Otro,NONE,#a47ae2,Si,,,,,,,,Revisar no se esten quedando tubos y pedazos debajo.Que no se lleven tubos que son de separadores para el basudero. / mesa guillotina limpia / no tubo ni pedazos medio a medio. / ORDENES EN EL MEDIO DEL CAMINO QUE DIFICULTA EL CAMINAR.,"Revisar no se esten quedando tubos y pedazos debajo.Que no se lleven tubos que son de separadores para el basudero.
mesa guillotina limpia
no tubo ni pedazos medio a medio.
ORDENES EN EL MEDIO DEL CAMINO QUE DIFICULTA EL CAMINAR.",
c1rfd8udnqtfr8a15pqc99hc9f_20260817T114500Z,PEDAZOS DE TUBOS  Y ORDENES EN EL PISO,2026-08-17T07:45:00-04:00,2026-08-17T08:15:00-04:00,No,ENCARGADO DE FABRICACION,24,Otro,NONE,#a47ae2,Si,,,,,,,,Revisar no se esten quedando tubos y pedazos debajo.Que no se lleven tubos que son de separadores para el basudero. / mesa guillotina limpia / no tubo ni pedazos medio a medio. / ORDENES EN EL MEDIO DEL CAMINO QUE DIFICULTA EL CAMINAR.,"Revisar no se esten quedando tubos y pedazos debajo.Que no se lleven tubos que son de separadores para el basudero.
mesa guillotina limpia
no tubo ni pedazos medio a medio.
ORDENES EN EL MEDIO DEL CAMINO QUE DIFICULTA EL CAMINAR.",
aths67orq9j2ttgcs2vgjbech5_20260817T140000Z,tapas y macheticos CANTIDADES MININAS,2026-08-17T10:00:00-04:00,2026-08-17T11:30:00-04:00,No,ENCARGADO DE FABRICACION,24,Otro,NONE,#a47ae2,Si,,,,,,,,"DEJARLE LISTA PUESTO 8 DE CARRETERES A FABRICAR. / CONFIRMAR ANTES DE PEDIR TOLA SI NO HAY, EN EL TAMARINDO / ENVIAR PEDIDO AL TAMARINDO DE CORTES DE TAPAS, CANTIDADES. / TA-1 HIJET TA-2 TOW ACE TA-3 KIA TA-4 NV200 TA-5 COASTER TA-6 APV","DEJARLE LISTA PUESTO 8 DE CARRETERES A FABRICAR.
CONFIRMAR ANTES DE PEDIR TOLA SI NO HAY, EN EL TAMARINDO
ENVIAR PEDIDO AL TAMARINDO DE CORTES DE TAPAS, CANTIDADES.
TA-1 HIJET TA-2 TOW ACE TA-3 KIA TA-4 NV200 TA-5 COASTER TA-6 APV",
575ck05ok28gemo83n872pjrof_20260817T160000Z, -IMPRIMIR hoy reunir pulgadas de tubos perdidos,2026-08-17T12:00:00-04:00,2026-08-17T12:45:00-04:00,No,ENCARGADO DE FABRICACION,24,Otro,NONE,#a47ae2,Si,,,,,,,,,,
4mci0naamtkbbp8gin1kv4gl7q_20260817T200000Z,PEDIDO ACERO Y CONSUMIBLES EN ALEGRA,2026-08-17T16:00:00-04:00,2026-08-17T16:30:00-04:00,No,ENCARGADO DE FABRICACION,24,Otro,NONE,#a47ae2,Si,,,,,,,,,,
5filveget4nqn7to7rsh19om4n_20260817T214500Z,Chequeo de calidad de lo que salio hoy por MESA,2026-08-17T17:45:00-04:00,2026-08-17T18:30:00-04:00,No,ENCARGADO DE FABRICACION,24,Otro,NONE,#a47ae2,Si,,,,,,,,Tecnico----Con papiro de armado. / patas de traseros y estribos bien puestas segun papiro / pisa pies / el ancho / revire / Diseño---no esten tumbadas las curvas.p / patas de porta escaleras.,"Tecnico----Con papiro de armado.
patas de traseros y estribos bien puestas segun papiro
pisa pies
el ancho
revire
Diseño---no esten tumbadas las curvas.p
patas de porta escaleras.",
4vv692i7bbok26rlp1rjj7a9nj_20260817T230000Z," El Chequeo de calidad  PUESTOS 2,  3, 4,  ,5,  15,  ,8  ,13 ,",2026-08-17T19:00:00-04:00,2026-08-17T19:45:00-04:00,No,ENCARGADO DE FABRICACION,24,Otro,NONE,#a47ae2,Si,,,,,,,,,,
5nb8mvdcfg6j3d4pffipt18d0h_20260817T234500Z,Limpieza arriba de mesas y al rededor,2026-08-17T19:45:00-04:00,2026-08-17T20:30:00-04:00,No,ENCARGADO DE FABRICACION,24,Otro,NONE,#a47ae2,Si,,,,,,,,,,
4hb8def5jk9c0fppan23o67k63_20260818T000000Z,Revision mensual del puesto 13,2026-08-17T20:00:00-04:00,2026-08-17T20:45:00-04:00,No,ENCARGADO DE FABRICACION,24,Otro,NONE,#a47ae2,Si,,,,,,,,llenar estos datos para puesto de doblador de ordenes todos los meses,llenar estos datos para puesto de doblador de ordenes todos los meses,
3qb3qn8jvrkvdpeffgfvgb826o_20260818T003000Z,Calendarios de avances del dia.,2026-08-17T20:30:00-04:00,2026-08-17T21:15:00-04:00,No,ENCARGADO DE FABRICACION,24,Otro,NONE,#a47ae2,Si,,,,,,,,,,
vphofhas3s0f0hmnv6q17bj2vb_20260818T013000Z,Cuales papiros a modificar de fabricaciones.,2026-08-17T21:30:00-04:00,2026-08-17T22:15:00-04:00,No,ENCARGADO DE FABRICACION,24,Otro,NONE,#a47ae2,Si,,,,,,,,,,
27ecrt0df70icsj7626mictnjt_20260818T021500Z,Modificar papiros en la pc,2026-08-17T22:15:00-04:00,2026-08-17T23:00:00-04:00,No,ENCARGADO DE FABRICACION,24,Otro,NONE,#a47ae2,Si,,,,,,,,,,
c1rfd8udnqtfr8a15pqc99hc9f_20260818T114500Z,PEDAZOS DE TUBOS  Y ORDENES EN EL PISO,2026-08-18T07:45:00-04:00,2026-08-18T08:15:00-04:00,No,ENCARGADO DE FABRICACION,24,Otro,NONE,#a47ae2,Si,,,,,,,,Revisar no se esten quedando tubos y pedazos debajo.Que no se lleven tubos que son de separadores para el basudero. / mesa guillotina limpia / no tubo ni pedazos medio a medio. / ORDENES EN EL MEDIO DEL CAMINO QUE DIFICULTA EL CAMINAR.,"Revisar no se esten quedando tubos y pedazos debajo.Que no se lleven tubos que son de separadores para el basudero.
mesa guillotina limpia
no tubo ni pedazos medio a medio.
ORDENES EN EL MEDIO DEL CAMINO QUE DIFICULTA EL CAMINAR.",
575ck05ok28gemo83n872pjrof_20260818T160000Z, -IMPRIMIR hoy reunir pulgadas de tubos perdidos,2026-08-18T12:00:00-04:00,2026-08-18T12:45:00-04:00,No,ENCARGADO DE FABRICACION,24,Otro,NONE,#a47ae2,Si,,,,,,,,,,
1sibbnnqvpsbjdmae39p82gksv_20260818T170000Z,Ollos en tapas esten bien antes de armar carreter,2026-08-18T13:00:00-04:00,2026-08-18T13:30:00-04:00,No,ENCARGADO DE FABRICACION,24,Otro,NONE,#a47ae2,Si,,,,,,,,,,
0hf2hucf448kd4vro5793gqfaq_20260818T180000Z,REVISION DE MESAS Y CAJAS LIMPIAS Y ORGANIDAS,2026-08-18T14:00:00-04:00,2026-08-18T14:45:00-04:00,No,ENCARGADO DE FABRICACION,24,Otro,NONE,#a47ae2,Si,,,,,,,,,,
4mci0naamtkbbp8gin1kv4gl7q_20260818T200000Z,PEDIDO ACERO Y CONSUMIBLES EN ALEGRA,2026-08-18T16:00:00-04:00,2026-08-18T16:30:00-04:00,No,ENCARGADO DE FABRICACION,24,Otro,NONE,#a47ae2,Si,,,,,,,,,,
5filveget4nqn7to7rsh19om4n_20260818T214500Z,Chequeo de calidad de lo que salio hoy por MESA,2026-08-18T17:45:00-04:00,2026-08-18T18:30:00-04:00,No,ENCARGADO DE FABRICACION,24,Otro,NONE,#a47ae2,Si,,,,,,,,Tecnico----Con papiro de armado. / patas de traseros y estribos bien puestas segun papiro / pisa pies / el ancho / revire / Diseño---no esten tumbadas las curvas.p / patas de porta escaleras.,"Tecnico----Con papiro de armado.
patas de traseros y estribos bien puestas segun papiro
pisa pies
el ancho
revire
Diseño---no esten tumbadas las curvas.p
patas de porta escaleras.",
4vv692i7bbok26rlp1rjj7a9nj_20260818T230000Z," El Chequeo de calidad  PUESTOS 2,  3, 4,  ,5,  15,  ,8  ,13 ,",2026-08-18T19:00:00-04:00,2026-08-18T19:45:00-04:00,No,ENCARGADO DE FABRICACION,24,Otro,NONE,#a47ae2,Si,,,,,,,,,,
5nb8mvdcfg6j3d4pffipt18d0h_20260818T234500Z,Limpieza arriba de mesas y al rededor,2026-08-18T19:45:00-04:00,2026-08-18T20:30:00-04:00,No,ENCARGADO DE FABRICACION,24,Otro,NONE,#a47ae2,Si,,,,,,,,,,
3qb3qn8jvrkvdpeffgfvgb826o_20260819T003000Z,Calendarios de avances del dia.,2026-08-18T20:30:00-04:00,2026-08-18T21:15:00-04:00,No,ENCARGADO DE FABRICACION,24,Otro,NONE,#a47ae2,Si,,,,,,,,,,
vphofhas3s0f0hmnv6q17bj2vb_20260819T013000Z,Cuales papiros a modificar de fabricaciones.,2026-08-18T21:30:00-04:00,2026-08-18T22:15:00-04:00,No,ENCARGADO DE FABRICACION,24,Otro,NONE,#a47ae2,Si,,,,,,,,,,
27ecrt0df70icsj7626mictnjt_20260819T021500Z,Modificar papiros en la pc,2026-08-18T22:15:00-04:00,2026-08-18T23:00:00-04:00,No,ENCARGADO DE FABRICACION,24,Otro,NONE,#a47ae2,Si,,,,,,,,,,
c1rfd8udnqtfr8a15pqc99hc9f_20260819T114500Z,PEDAZOS DE TUBOS  Y ORDENES EN EL PISO,2026-08-19T07:45:00-04:00,2026-08-19T08:15:00-04:00,No,ENCARGADO DE FABRICACION,24,Otro,NONE,#a47ae2,Si,,,,,,,,Revisar no se esten quedando tubos y pedazos debajo.Que no se lleven tubos que son de separadores para el basudero. / mesa guillotina limpia / no tubo ni pedazos medio a medio. / ORDENES EN EL MEDIO DEL CAMINO QUE DIFICULTA EL CAMINAR.,"Revisar no se esten quedando tubos y pedazos debajo.Que no se lleven tubos que son de separadores para el basudero.
mesa guillotina limpia
no tubo ni pedazos medio a medio.
ORDENES EN EL MEDIO DEL CAMINO QUE DIFICULTA EL CAMINAR.",
aths67orq9j2ttgcs2vgjbech5_20260819T140000Z,tapas y macheticos CANTIDADES MININAS,2026-08-19T10:00:00-04:00,2026-08-19T11:30:00-04:00,No,ENCARGADO DE FABRICACION,24,Otro,NONE,#a47ae2,Si,,,,,,,,"DEJARLE LISTA PUESTO 8 DE CARRETERES A FABRICAR. / CONFIRMAR ANTES DE PEDIR TOLA SI NO HAY, EN EL TAMARINDO / ENVIAR PEDIDO AL TAMARINDO DE CORTES DE TAPAS, CANTIDADES. / TA-1 HIJET TA-2 TOW ACE TA-3 KIA TA-4 NV200 TA-5 COASTER TA-6 APV","DEJARLE LISTA PUESTO 8 DE CARRETERES A FABRICAR.
CONFIRMAR ANTES DE PEDIR TOLA SI NO HAY, EN EL TAMARINDO
ENVIAR PEDIDO AL TAMARINDO DE CORTES DE TAPAS, CANTIDADES.
TA-1 HIJET TA-2 TOW ACE TA-3 KIA TA-4 NV200 TA-5 COASTER TA-6 APV",
575ck05ok28gemo83n872pjrof_20260819T160000Z, -IMPRIMIR hoy reunir pulgadas de tubos perdidos,2026-08-19T12:00:00-04:00,2026-08-19T12:45:00-04:00,No,ENCARGADO DE FABRICACION,24,Otro,NONE,#a47ae2,Si,,,,,,,,,,
44lod0noud7hqti6vm81v8tqmt_20260819T190000Z,ANALIZAR FRENTES Y CARRETERES- EL DISEñO Y LAS PIEZAS ,2026-08-19T15:00:00-04:00,2026-08-19T15:45:00-04:00,No,ENCARGADO DE FABRICACION,24,Otro,NONE,#a47ae2,Si,,,,,,,,,,
4mci0naamtkbbp8gin1kv4gl7q_20260819T200000Z,PEDIDO ACERO Y CONSUMIBLES EN ALEGRA,2026-08-19T16:00:00-04:00,2026-08-19T16:30:00-04:00,No,ENCARGADO DE FABRICACION,24,Otro,NONE,#a47ae2,Si,,,,,,,,,,
5filveget4nqn7to7rsh19om4n_20260819T214500Z,Chequeo de calidad de lo que salio hoy por MESA,2026-08-19T17:45:00-04:00,2026-08-19T18:30:00-04:00,No,ENCARGADO DE FABRICACION,24,Otro,NONE,#a47ae2,Si,,,,,,,,Tecnico----Con papiro de armado. / patas de traseros y estribos bien puestas segun papiro / pisa pies / el ancho / revire / Diseño---no esten tumbadas las curvas.p / patas de porta escaleras.,"Tecnico----Con papiro de armado.
patas de traseros y estribos bien puestas segun papiro
pisa pies
el ancho
revire
Diseño---no esten tumbadas las curvas.p
patas de porta escaleras.",
4vv692i7bbok26rlp1rjj7a9nj_20260819T230000Z," El Chequeo de calidad  PUESTOS 2,  3, 4,  ,5,  15,  ,8  ,13 ,",2026-08-19T19:00:00-04:00,2026-08-19T19:45:00-04:00,No,ENCARGADO DE FABRICACION,24,Otro,NONE,#a47ae2,Si,,,,,,,,,,
5nb8mvdcfg6j3d4pffipt18d0h_20260819T234500Z,Limpieza arriba de mesas y al rededor,2026-08-19T19:45:00-04:00,2026-08-19T20:30:00-04:00,No,ENCARGADO DE FABRICACION,24,Otro,NONE,#a47ae2,Si,,,,,,,,,,
3qb3qn8jvrkvdpeffgfvgb826o_20260820T003000Z,Calendarios de avances del dia.,2026-08-19T20:30:00-04:00,2026-08-19T21:15:00-04:00,No,ENCARGADO DE FABRICACION,24,Otro,NONE,#a47ae2,Si,,,,,,,,,,
vphofhas3s0f0hmnv6q17bj2vb_20260820T013000Z,Cuales papiros a modificar de fabricaciones.,2026-08-19T21:30:00-04:00,2026-08-19T22:15:00-04:00,No,ENCARGADO DE FABRICACION,24,Otro,NONE,#a47ae2,Si,,,,,,,,,,
27ecrt0df70icsj7626mictnjt_20260820T021500Z,Modificar papiros en la pc,2026-08-19T22:15:00-04:00,2026-08-19T23:00:00-04:00,No,ENCARGADO DE FABRICACION,24,Otro,NONE,#a47ae2,Si,,,,,,,,,,
c1rfd8udnqtfr8a15pqc99hc9f_20260820T114500Z,PEDAZOS DE TUBOS  Y ORDENES EN EL PISO,2026-08-20T07:45:00-04:00,2026-08-20T08:15:00-04:00,No,ENCARGADO DE FABRICACION,24,Otro,NONE,#a47ae2,Si,,,,,,,,Revisar no se esten quedando tubos y pedazos debajo.Que no se lleven tubos que son de separadores para el basudero. / mesa guillotina limpia / no tubo ni pedazos medio a medio. / ORDENES EN EL MEDIO DEL CAMINO QUE DIFICULTA EL CAMINAR.,"Revisar no se esten quedando tubos y pedazos debajo.Que no se lleven tubos que son de separadores para el basudero.
mesa guillotina limpia
no tubo ni pedazos medio a medio.
ORDENES EN EL MEDIO DEL CAMINO QUE DIFICULTA EL CAMINAR.",
575ck05ok28gemo83n872pjrof_20260820T160000Z, -IMPRIMIR hoy reunir pulgadas de tubos perdidos,2026-08-20T12:00:00-04:00,2026-08-20T12:45:00-04:00,No,ENCARGADO DE FABRICACION,24,Otro,NONE,#a47ae2,Si,,,,,,,,,,
5e6i1ue015v2kmvuqipkir875h_20260820T173000Z,"TENER CALENDARIOS REVISAR MEDIDAS, DE ORDENES",2026-08-20T13:30:00-04:00,2026-08-20T15:00:00-04:00,No,ENCARGADO DE FABRICACION,24,Otro,NONE,#a47ae2,Si,,,,,,,,,,
44lod0noud7hqti6vm81v8tqmt_20260820T190000Z,IMPRIMIR-ANALIZAR FRENTES Y CARRETERES- EL DISEñO Y LAS PIEZAS ,2026-08-20T15:00:00-04:00,2026-08-20T15:45:00-04:00,No,ENCARGADO DE FABRICACION,24,Otro,NONE,#a47ae2,Si,,,,,,,,,,
4mci0naamtkbbp8gin1kv4gl7q_20260820T200000Z,IMPRIMIR-PEDIDO ACERO Y CONSUMIBLES EN ALEGRA,2026-08-20T16:00:00-04:00,2026-08-20T16:30:00-04:00,No,ENCARGADO DE FABRICACION,24,Otro,NONE,#a47ae2,Si,,,,,,,,,,
5nb8mvdcfg6j3d4pffipt18d0h_20260820T234500Z,Limpieza arriba de mesas y al rededor,2026-08-20T19:45:00-04:00,2026-08-20T20:30:00-04:00,No,ENCARGADO DE FABRICACION,24,Otro,NONE,#a47ae2,Si,,,,,,,,,,
4hb8def5jk9c0fppan23o67k63_20260821T000000Z,Revision mensual del puesto 13,2026-08-20T20:00:00-04:00,2026-08-20T20:45:00-04:00,No,ENCARGADO DE FABRICACION,24,Otro,NONE,#a47ae2,Si,,,,,,,,llenar estos datos para puesto de doblador de ordenes todos los meses,llenar estos datos para puesto de doblador de ordenes todos los meses,
3qb3qn8jvrkvdpeffgfvgb826o_20260821T003000Z,Calendarios de avances del dia.,2026-08-20T20:30:00-04:00,2026-08-20T21:15:00-04:00,No,ENCARGADO DE FABRICACION,24,Otro,NONE,#a47ae2,Si,,,,,,,,,,
vphofhas3s0f0hmnv6q17bj2vb_20260821T013000Z,Cuales papiros a modificar de fabricaciones.,2026-08-20T21:30:00-04:00,2026-08-20T22:15:00-04:00,No,ENCARGADO DE FABRICACION,24,Otro,NONE,#a47ae2,Si,,,,,,,,,,
27ecrt0df70icsj7626mictnjt_20260821T021500Z,Modificar papiros en la pc,2026-08-20T22:15:00-04:00,2026-08-20T23:00:00-04:00,No,ENCARGADO DE FABRICACION,24,Otro,NONE,#a47ae2,Si,,,,,,,,,,
c1rfd8udnqtfr8a15pqc99hc9f_20260821T114500Z,PEDAZOS DE TUBOS  Y ORDENES EN EL PISO,2026-08-21T07:45:00-04:00,2026-08-21T08:15:00-04:00,No,ENCARGADO DE FABRICACION,24,Otro,NONE,#a47ae2,Si,,,,,,,,Revisar no se esten quedando tubos y pedazos debajo.Que no se lleven tubos que son de separadores para el basudero. / mesa guillotina limpia / no tubo ni pedazos medio a medio. / ORDENES EN EL MEDIO DEL CAMINO QUE DIFICULTA EL CAMINAR.,"Revisar no se esten quedando tubos y pedazos debajo.Que no se lleven tubos que son de separadores para el basudero.
mesa guillotina limpia
no tubo ni pedazos medio a medio.
ORDENES EN EL MEDIO DEL CAMINO QUE DIFICULTA EL CAMINAR.",
aths67orq9j2ttgcs2vgjbech5_20260821T140000Z,tapas y macheticos CANTIDADES MININAS,2026-08-21T10:00:00-04:00,2026-08-21T11:30:00-04:00,No,ENCARGADO DE FABRICACION,24,Otro,NONE,#a47ae2,Si,,,,,,,,"DEJARLE LISTA PUESTO 8 DE CARRETERES A FABRICAR. / CONFIRMAR ANTES DE PEDIR TOLA SI NO HAY, EN EL TAMARINDO / ENVIAR PEDIDO AL TAMARINDO DE CORTES DE TAPAS, CANTIDADES. / TA-1 HIJET TA-2 TOW ACE TA-3 KIA TA-4 NV200 TA-5 COASTER TA-6 APV","DEJARLE LISTA PUESTO 8 DE CARRETERES A FABRICAR.
CONFIRMAR ANTES DE PEDIR TOLA SI NO HAY, EN EL TAMARINDO
ENVIAR PEDIDO AL TAMARINDO DE CORTES DE TAPAS, CANTIDADES.
TA-1 HIJET TA-2 TOW ACE TA-3 KIA TA-4 NV200 TA-5 COASTER TA-6 APV",
575ck05ok28gemo83n872pjrof_20260821T160000Z, -IMPRIMIR hoy reunir pulgadas de tubos perdidos,2026-08-21T12:00:00-04:00,2026-08-21T12:45:00-04:00,No,ENCARGADO DE FABRICACION,24,Otro,NONE,#a47ae2,Si,,,,,,,,,,
1sibbnnqvpsbjdmae39p82gksv_20260821T170000Z,Ollos en tapas esten bien antes de armar carreter,2026-08-21T13:00:00-04:00,2026-08-21T13:30:00-04:00,No,ENCARGADO DE FABRICACION,24,Otro,NONE,#a47ae2,Si,,,,,,,,,,
5e6i1ue015v2kmvuqipkir875h_20260821T173000Z,"TENER CALENDARIOS REVISAR MEDIDAS, DE ORDENES",2026-08-21T13:30:00-04:00,2026-08-21T15:00:00-04:00,No,ENCARGADO DE FABRICACION,24,Otro,NONE,#a47ae2,Si,,,,,,,,,,
44lod0noud7hqti6vm81v8tqmt_20260821T190000Z,IMPRIMIR-ANALIZAR FRENTES Y CARRETERES- EL DISEñO Y LAS PIEZAS ,2026-08-21T15:00:00-04:00,2026-08-21T15:45:00-04:00,No,ENCARGADO DE FABRICACION,24,Otro,NONE,#a47ae2,Si,,,,,,,,,,
4mci0naamtkbbp8gin1kv4gl7q_20260821T200000Z,IMPRIMIR-PEDIDO ACERO Y CONSUMIBLES EN ALEGRA,2026-08-21T16:00:00-04:00,2026-08-21T16:30:00-04:00,No,ENCARGADO DE FABRICACION,24,Otro,NONE,#a47ae2,Si,,,,,,,,,,
5nb8mvdcfg6j3d4pffipt18d0h_20260821T234500Z,Limpieza arriba de mesas y al rededor,2026-08-21T19:45:00-04:00,2026-08-21T20:30:00-04:00,No,ENCARGADO DE FABRICACION,24,Otro,NONE,#a47ae2,Si,,,,,,,,,,
3qb3qn8jvrkvdpeffgfvgb826o_20260822T003000Z,Calendarios de avances del dia.,2026-08-21T20:30:00-04:00,2026-08-21T21:15:00-04:00,No,ENCARGADO DE FABRICACION,24,Otro,NONE,#a47ae2,Si,,,,,,,,,,
vphofhas3s0f0hmnv6q17bj2vb_20260822T013000Z,Cuales papiros a modificar de fabricaciones.,2026-08-21T21:30:00-04:00,2026-08-21T22:15:00-04:00,No,ENCARGADO DE FABRICACION,24,Otro,NONE,#a47ae2,Si,,,,,,,,,,
27ecrt0df70icsj7626mictnjt_20260822T021500Z,Modificar papiros en la pc,2026-08-21T22:15:00-04:00,2026-08-21T23:00:00-04:00,No,ENCARGADO DE FABRICACION,24,Otro,NONE,#a47ae2,Si,,,,,,,,,,
c1rfd8udnqtfr8a15pqc99hc9f_20260822T114500Z,PEDAZOS DE TUBOS  Y ORDENES EN EL PISO,2026-08-22T07:45:00-04:00,2026-08-22T08:15:00-04:00,No,ENCARGADO DE FABRICACION,24,Otro,NONE,#a47ae2,Si,,,,,,,,Revisar no se esten quedando tubos y pedazos debajo.Que no se lleven tubos que son de separadores para el basudero. / mesa guillotina limpia / no tubo ni pedazos medio a medio. / ORDENES EN EL MEDIO DEL CAMINO QUE DIFICULTA EL CAMINAR.,"Revisar no se esten quedando tubos y pedazos debajo.Que no se lleven tubos que son de separadores para el basudero.
mesa guillotina limpia
no tubo ni pedazos medio a medio.
ORDENES EN EL MEDIO DEL CAMINO QUE DIFICULTA EL CAMINAR.",
5e6i1ue015v2kmvuqipkir875h_20260822T173000Z,"TENER CALENDARIOS REVISAR MEDIDAS, DE ORDENES",2026-08-22T13:30:00-04:00,2026-08-22T15:00:00-04:00,No,ENCARGADO DE FABRICACION,24,Otro,NONE,#a47ae2,Si,,,,,,,,,,
c1rfd8udnqtfr8a15pqc99hc9f_20260824T114500Z,PEDAZOS DE TUBOS  Y ORDENES EN EL PISO,2026-08-24T07:45:00-04:00,2026-08-24T08:15:00-04:00,No,ENCARGADO DE FABRICACION,24,Otro,NONE,#a47ae2,Si,,,,,,,,Revisar no se esten quedando tubos y pedazos debajo.Que no se lleven tubos que son de separadores para el basudero. / mesa guillotina limpia / no tubo ni pedazos medio a medio. / ORDENES EN EL MEDIO DEL CAMINO QUE DIFICULTA EL CAMINAR.,"Revisar no se esten quedando tubos y pedazos debajo.Que no se lleven tubos que son de separadores para el basudero.
mesa guillotina limpia
no tubo ni pedazos medio a medio.
ORDENES EN EL MEDIO DEL CAMINO QUE DIFICULTA EL CAMINAR.",
aths67orq9j2ttgcs2vgjbech5_20260824T140000Z,tapas y macheticos CANTIDADES MININAS,2026-08-24T10:00:00-04:00,2026-08-24T11:30:00-04:00,No,ENCARGADO DE FABRICACION,24,Otro,NONE,#a47ae2,Si,,,,,,,,"DEJARLE LISTA PUESTO 8 DE CARRETERES A FABRICAR. / CONFIRMAR ANTES DE PEDIR TOLA SI NO HAY, EN EL TAMARINDO / ENVIAR PEDIDO AL TAMARINDO DE CORTES DE TAPAS, CANTIDADES. / TA-1 HIJET TA-2 TOW ACE TA-3 KIA TA-4 NV200 TA-5 COASTER TA-6 APV","DEJARLE LISTA PUESTO 8 DE CARRETERES A FABRICAR.
CONFIRMAR ANTES DE PEDIR TOLA SI NO HAY, EN EL TAMARINDO
ENVIAR PEDIDO AL TAMARINDO DE CORTES DE TAPAS, CANTIDADES.
TA-1 HIJET TA-2 TOW ACE TA-3 KIA TA-4 NV200 TA-5 COASTER TA-6 APV",
575ck05ok28gemo83n872pjrof_20260824T160000Z, -IMPRIMIR hoy reunir pulgadas de tubos perdidos,2026-08-24T12:00:00-04:00,2026-08-24T12:45:00-04:00,No,ENCARGADO DE FABRICACION,24,Otro,NONE,#a47ae2,Si,,,,,,,,,,
5e6i1ue015v2kmvuqipkir875h_20260824T173000Z,"TENER CALENDARIOS REVISAR MEDIDAS, DE ORDENES",2026-08-24T13:30:00-04:00,2026-08-24T15:00:00-04:00,No,ENCARGADO DE FABRICACION,24,Otro,NONE,#a47ae2,Si,,,,,,,,,,
44lod0noud7hqti6vm81v8tqmt_20260824T190000Z,IMPRIMIR-ANALIZAR FRENTES Y CARRETERES- EL DISEñO Y LAS PIEZAS ,2026-08-24T15:00:00-04:00,2026-08-24T15:45:00-04:00,No,ENCARGADO DE FABRICACION,24,Otro,NONE,#a47ae2,Si,,,,,,,,,,
4mci0naamtkbbp8gin1kv4gl7q_20260824T200000Z,IMPRIMIR-PEDIDO ACERO Y CONSUMIBLES EN ALEGRA,2026-08-24T16:00:00-04:00,2026-08-24T16:30:00-04:00,No,ENCARGADO DE FABRICACION,24,Otro,NONE,#a47ae2,Si,,,,,,,,,,
5nb8mvdcfg6j3d4pffipt18d0h_20260824T234500Z,Limpieza arriba de mesas y al rededor,2026-08-24T19:45:00-04:00,2026-08-24T20:30:00-04:00,No,ENCARGADO DE FABRICACION,24,Otro,NONE,#a47ae2,Si,,,,,,,,,,
4hb8def5jk9c0fppan23o67k63_20260825T000000Z,Revision mensual del puesto 13,2026-08-24T20:00:00-04:00,2026-08-24T20:45:00-04:00,No,ENCARGADO DE FABRICACION,24,Otro,NONE,#a47ae2,Si,,,,,,,,llenar estos datos para puesto de doblador de ordenes todos los meses,llenar estos datos para puesto de doblador de ordenes todos los meses,
3qb3qn8jvrkvdpeffgfvgb826o_20260825T003000Z,Calendarios de avances del dia.,2026-08-24T20:30:00-04:00,2026-08-24T21:15:00-04:00,No,ENCARGADO DE FABRICACION,24,Otro,NONE,#a47ae2,Si,,,,,,,,,,
vphofhas3s0f0hmnv6q17bj2vb_20260825T013000Z,Cuales papiros a modificar de fabricaciones.,2026-08-24T21:30:00-04:00,2026-08-24T22:15:00-04:00,No,ENCARGADO DE FABRICACION,24,Otro,NONE,#a47ae2,Si,,,,,,,,,,
27ecrt0df70icsj7626mictnjt_20260825T021500Z,Modificar papiros en la pc,2026-08-24T22:15:00-04:00,2026-08-24T23:00:00-04:00,No,ENCARGADO DE FABRICACION,24,Otro,NONE,#a47ae2,Si,,,,,,,,,,
c1rfd8udnqtfr8a15pqc99hc9f_20260825T114500Z,PEDAZOS DE TUBOS  Y ORDENES EN EL PISO,2026-08-25T07:45:00-04:00,2026-08-25T08:15:00-04:00,No,ENCARGADO DE FABRICACION,24,Otro,NONE,#a47ae2,Si,,,,,,,,Revisar no se esten quedando tubos y pedazos debajo.Que no se lleven tubos que son de separadores para el basudero. / mesa guillotina limpia / no tubo ni pedazos medio a medio. / ORDENES EN EL MEDIO DEL CAMINO QUE DIFICULTA EL CAMINAR.,"Revisar no se esten quedando tubos y pedazos debajo.Que no se lleven tubos que son de separadores para el basudero.
mesa guillotina limpia
no tubo ni pedazos medio a medio.
ORDENES EN EL MEDIO DEL CAMINO QUE DIFICULTA EL CAMINAR.",
575ck05ok28gemo83n872pjrof_20260825T160000Z, -IMPRIMIR hoy reunir pulgadas de tubos perdidos,2026-08-25T12:00:00-04:00,2026-08-25T12:45:00-04:00,No,ENCARGADO DE FABRICACION,24,Otro,NONE,#a47ae2,Si,,,,,,,,,,
1sibbnnqvpsbjdmae39p82gksv_20260825T170000Z,Ollos en tapas esten bien antes de armar carreter,2026-08-25T13:00:00-04:00,2026-08-25T13:30:00-04:00,No,ENCARGADO DE FABRICACION,24,Otro,NONE,#a47ae2,Si,,,,,,,,,,
5e6i1ue015v2kmvuqipkir875h_20260825T173000Z,"TENER CALENDARIOS REVISAR MEDIDAS, DE ORDENES",2026-08-25T13:30:00-04:00,2026-08-25T15:00:00-04:00,No,ENCARGADO DE FABRICACION,24,Otro,NONE,#a47ae2,Si,,,,,,,,,,
0hf2hucf448kd4vro5793gqfaq_20260825T180000Z,REVISION DE MESAS Y CAJAS LIMPIAS Y ORGANIDAS,2026-08-25T14:00:00-04:00,2026-08-25T14:45:00-04:00,No,ENCARGADO DE FABRICACION,24,Otro,NONE,#a47ae2,Si,,,,,,,,,,
44lod0noud7hqti6vm81v8tqmt_20260825T190000Z,IMPRIMIR-ANALIZAR FRENTES Y CARRETERES- EL DISEñO Y LAS PIEZAS ,2026-08-25T15:00:00-04:00,2026-08-25T15:45:00-04:00,No,ENCARGADO DE FABRICACION,24,Otro,NONE,#a47ae2,Si,,,,,,,,,,
4mci0naamtkbbp8gin1kv4gl7q_20260825T200000Z,IMPRIMIR-PEDIDO ACERO Y CONSUMIBLES EN ALEGRA,2026-08-25T16:00:00-04:00,2026-08-25T16:30:00-04:00,No,ENCARGADO DE FABRICACION,24,Otro,NONE,#a47ae2,Si,,,,,,,,,,
5nb8mvdcfg6j3d4pffipt18d0h_20260825T234500Z,Limpieza arriba de mesas y al rededor,2026-08-25T19:45:00-04:00,2026-08-25T20:30:00-04:00,No,ENCARGADO DE FABRICACION,24,Otro,NONE,#a47ae2,Si,,,,,,,,,,
3qb3qn8jvrkvdpeffgfvgb826o_20260826T003000Z,Calendarios de avances del dia.,2026-08-25T20:30:00-04:00,2026-08-25T21:15:00-04:00,No,ENCARGADO DE FABRICACION,24,Otro,NONE,#a47ae2,Si,,,,,,,,,,
vphofhas3s0f0hmnv6q17bj2vb_20260826T013000Z,Cuales papiros a modificar de fabricaciones.,2026-08-25T21:30:00-04:00,2026-08-25T22:15:00-04:00,No,ENCARGADO DE FABRICACION,24,Otro,NONE,#a47ae2,Si,,,,,,,,,,
27ecrt0df70icsj7626mictnjt_20260826T021500Z,Modificar papiros en la pc,2026-08-25T22:15:00-04:00,2026-08-25T23:00:00-04:00,No,ENCARGADO DE FABRICACION,24,Otro,NONE,#a47ae2,Si,,,,,,,,,,
c1rfd8udnqtfr8a15pqc99hc9f_20260826T114500Z,PEDAZOS DE TUBOS  Y ORDENES EN EL PISO,2026-08-26T07:45:00-04:00,2026-08-26T08:15:00-04:00,No,ENCARGADO DE FABRICACION,24,Otro,NONE,#a47ae2,Si,,,,,,,,Revisar no se esten quedando tubos y pedazos debajo.Que no se lleven tubos que son de separadores para el basudero. / mesa guillotina limpia / no tubo ni pedazos medio a medio. / ORDENES EN EL MEDIO DEL CAMINO QUE DIFICULTA EL CAMINAR.,"Revisar no se esten quedando tubos y pedazos debajo.Que no se lleven tubos que son de separadores para el basudero.
mesa guillotina limpia
no tubo ni pedazos medio a medio.
ORDENES EN EL MEDIO DEL CAMINO QUE DIFICULTA EL CAMINAR.",
aths67orq9j2ttgcs2vgjbech5_20260826T140000Z,tapas y macheticos CANTIDADES MININAS,2026-08-26T10:00:00-04:00,2026-08-26T11:30:00-04:00,No,ENCARGADO DE FABRICACION,24,Otro,NONE,#a47ae2,Si,,,,,,,,"DEJARLE LISTA PUESTO 8 DE CARRETERES A FABRICAR. / CONFIRMAR ANTES DE PEDIR TOLA SI NO HAY, EN EL TAMARINDO / ENVIAR PEDIDO AL TAMARINDO DE CORTES DE TAPAS, CANTIDADES. / TA-1 HIJET TA-2 TOW ACE TA-3 KIA TA-4 NV200 TA-5 COASTER TA-6 APV","DEJARLE LISTA PUESTO 8 DE CARRETERES A FABRICAR.
CONFIRMAR ANTES DE PEDIR TOLA SI NO HAY, EN EL TAMARINDO
ENVIAR PEDIDO AL TAMARINDO DE CORTES DE TAPAS, CANTIDADES.
TA-1 HIJET TA-2 TOW ACE TA-3 KIA TA-4 NV200 TA-5 COASTER TA-6 APV",
575ck05ok28gemo83n872pjrof_20260826T160000Z, -IMPRIMIR hoy reunir pulgadas de tubos perdidos,2026-08-26T12:00:00-04:00,2026-08-26T12:45:00-04:00,No,ENCARGADO DE FABRICACION,24,Otro,NONE,#a47ae2,Si,,,,,,,,,,
5e6i1ue015v2kmvuqipkir875h_20260826T173000Z,"TENER CALENDARIOS REVISAR MEDIDAS, DE ORDENES",2026-08-26T13:30:00-04:00,2026-08-26T15:00:00-04:00,No,ENCARGADO DE FABRICACION,24,Otro,NONE,#a47ae2,Si,,,,,,,,,,
44lod0noud7hqti6vm81v8tqmt_20260826T190000Z,IMPRIMIR-ANALIZAR FRENTES Y CARRETERES- EL DISEñO Y LAS PIEZAS ,2026-08-26T15:00:00-04:00,2026-08-26T15:45:00-04:00,No,ENCARGADO DE FABRICACION,24,Otro,NONE,#a47ae2,Si,,,,,,,,,,
4mci0naamtkbbp8gin1kv4gl7q_20260826T200000Z,IMPRIMIR-PEDIDO ACERO Y CONSUMIBLES EN ALEGRA,2026-08-26T16:00:00-04:00,2026-08-26T16:30:00-04:00,No,ENCARGADO DE FABRICACION,24,Otro,NONE,#a47ae2,Si,,,,,,,,,,
5nb8mvdcfg6j3d4pffipt18d0h_20260826T234500Z,Limpieza arriba de mesas y al rededor,2026-08-26T19:45:00-04:00,2026-08-26T20:30:00-04:00,No,ENCARGADO DE FABRICACION,24,Otro,NONE,#a47ae2,Si,,,,,,,,,,
3qb3qn8jvrkvdpeffgfvgb826o_20260827T003000Z,Calendarios de avances del dia.,2026-08-26T20:30:00-04:00,2026-08-26T21:15:00-04:00,No,ENCARGADO DE FABRICACION,24,Otro,NONE,#a47ae2,Si,,,,,,,,,,
vphofhas3s0f0hmnv6q17bj2vb_20260827T013000Z,Cuales papiros a modificar de fabricaciones.,2026-08-26T21:30:00-04:00,2026-08-26T22:15:00-04:00,No,ENCARGADO DE FABRICACION,24,Otro,NONE,#a47ae2,Si,,,,,,,,,,
27ecrt0df70icsj7626mictnjt_20260827T021500Z,Modificar papiros en la pc,2026-08-26T22:15:00-04:00,2026-08-26T23:00:00-04:00,No,ENCARGADO DE FABRICACION,24,Otro,NONE,#a47ae2,Si,,,,,,,,,,
c1rfd8udnqtfr8a15pqc99hc9f_20260827T114500Z,PEDAZOS DE TUBOS  Y ORDENES EN EL PISO,2026-08-27T07:45:00-04:00,2026-08-27T08:15:00-04:00,No,ENCARGADO DE FABRICACION,24,Otro,NONE,#a47ae2,Si,,,,,,,,Revisar no se esten quedando tubos y pedazos debajo.Que no se lleven tubos que son de separadores para el basudero. / mesa guillotina limpia / no tubo ni pedazos medio a medio. / ORDENES EN EL MEDIO DEL CAMINO QUE DIFICULTA EL CAMINAR.,"Revisar no se esten quedando tubos y pedazos debajo.Que no se lleven tubos que son de separadores para el basudero.
mesa guillotina limpia
no tubo ni pedazos medio a medio.
ORDENES EN EL MEDIO DEL CAMINO QUE DIFICULTA EL CAMINAR.",
575ck05ok28gemo83n872pjrof_20260827T160000Z, -IMPRIMIR hoy reunir pulgadas de tubos perdidos,2026-08-27T12:00:00-04:00,2026-08-27T12:45:00-04:00,No,ENCARGADO DE FABRICACION,24,Otro,NONE,#a47ae2,Si,,,,,,,,,,
5e6i1ue015v2kmvuqipkir875h_20260827T173000Z,"TENER CALENDARIOS REVISAR MEDIDAS, DE ORDENES",2026-08-27T13:30:00-04:00,2026-08-27T15:00:00-04:00,No,ENCARGADO DE FABRICACION,24,Otro,NONE,#a47ae2,Si,,,,,,,,,,
44lod0noud7hqti6vm81v8tqmt_20260827T190000Z,IMPRIMIR-ANALIZAR FRENTES Y CARRETERES- EL DISEñO Y LAS PIEZAS ,2026-08-27T15:00:00-04:00,2026-08-27T15:45:00-04:00,No,ENCARGADO DE FABRICACION,24,Otro,NONE,#a47ae2,Si,,,,,,,,,,
4mci0naamtkbbp8gin1kv4gl7q_20260827T200000Z,IMPRIMIR-PEDIDO ACERO Y CONSUMIBLES EN ALEGRA,2026-08-27T16:00:00-04:00,2026-08-27T16:30:00-04:00,No,ENCARGADO DE FABRICACION,24,Otro,NONE,#a47ae2,Si,,,,,,,,,,
5nb8mvdcfg6j3d4pffipt18d0h_20260827T234500Z,Limpieza arriba de mesas y al rededor,2026-08-27T19:45:00-04:00,2026-08-27T20:30:00-04:00,No,ENCARGADO DE FABRICACION,24,Otro,NONE,#a47ae2,Si,,,,,,,,,,
4hb8def5jk9c0fppan23o67k63_20260828T000000Z,Revision mensual del puesto 13,2026-08-27T20:00:00-04:00,2026-08-27T20:45:00-04:00,No,ENCARGADO DE FABRICACION,24,Otro,NONE,#a47ae2,Si,,,,,,,,llenar estos datos para puesto de doblador de ordenes todos los meses,llenar estos datos para puesto de doblador de ordenes todos los meses,
3qb3qn8jvrkvdpeffgfvgb826o_20260828T003000Z,Calendarios de avances del dia.,2026-08-27T20:30:00-04:00,2026-08-27T21:15:00-04:00,No,ENCARGADO DE FABRICACION,24,Otro,NONE,#a47ae2,Si,,,,,,,,,,
vphofhas3s0f0hmnv6q17bj2vb_20260828T013000Z,Cuales papiros a modificar de fabricaciones.,2026-08-27T21:30:00-04:00,2026-08-27T22:15:00-04:00,No,ENCARGADO DE FABRICACION,24,Otro,NONE,#a47ae2,Si,,,,,,,,,,
27ecrt0df70icsj7626mictnjt_20260828T021500Z,Modificar papiros en la pc,2026-08-27T22:15:00-04:00,2026-08-27T23:00:00-04:00,No,ENCARGADO DE FABRICACION,24,Otro,NONE,#a47ae2,Si,,,,,,,,,,
c1rfd8udnqtfr8a15pqc99hc9f_20260828T114500Z,PEDAZOS DE TUBOS  Y ORDENES EN EL PISO,2026-08-28T07:45:00-04:00,2026-08-28T08:15:00-04:00,No,ENCARGADO DE FABRICACION,24,Otro,NONE,#a47ae2,Si,,,,,,,,Revisar no se esten quedando tubos y pedazos debajo.Que no se lleven tubos que son de separadores para el basudero. / mesa guillotina limpia / no tubo ni pedazos medio a medio. / ORDENES EN EL MEDIO DEL CAMINO QUE DIFICULTA EL CAMINAR.,"Revisar no se esten quedando tubos y pedazos debajo.Que no se lleven tubos que son de separadores para el basudero.
mesa guillotina limpia
no tubo ni pedazos medio a medio.
ORDENES EN EL MEDIO DEL CAMINO QUE DIFICULTA EL CAMINAR.",
aths67orq9j2ttgcs2vgjbech5_20260828T140000Z,tapas y macheticos CANTIDADES MININAS,2026-08-28T10:00:00-04:00,2026-08-28T11:30:00-04:00,No,ENCARGADO DE FABRICACION,24,Otro,NONE,#a47ae2,Si,,,,,,,,"DEJARLE LISTA PUESTO 8 DE CARRETERES A FABRICAR. / CONFIRMAR ANTES DE PEDIR TOLA SI NO HAY, EN EL TAMARINDO / ENVIAR PEDIDO AL TAMARINDO DE CORTES DE TAPAS, CANTIDADES. / TA-1 HIJET TA-2 TOW ACE TA-3 KIA TA-4 NV200 TA-5 COASTER TA-6 APV","DEJARLE LISTA PUESTO 8 DE CARRETERES A FABRICAR.
CONFIRMAR ANTES DE PEDIR TOLA SI NO HAY, EN EL TAMARINDO
ENVIAR PEDIDO AL TAMARINDO DE CORTES DE TAPAS, CANTIDADES.
TA-1 HIJET TA-2 TOW ACE TA-3 KIA TA-4 NV200 TA-5 COASTER TA-6 APV",
575ck05ok28gemo83n872pjrof_20260828T160000Z, -IMPRIMIR hoy reunir pulgadas de tubos perdidos,2026-08-28T12:00:00-04:00,2026-08-28T12:45:00-04:00,No,ENCARGADO DE FABRICACION,24,Otro,NONE,#a47ae2,Si,,,,,,,,,,
1sibbnnqvpsbjdmae39p82gksv_20260828T170000Z,Ollos en tapas esten bien antes de armar carreter,2026-08-28T13:00:00-04:00,2026-08-28T13:30:00-04:00,No,ENCARGADO DE FABRICACION,24,Otro,NONE,#a47ae2,Si,,,,,,,,,,
5e6i1ue015v2kmvuqipkir875h_20260828T173000Z,"TENER CALENDARIOS REVISAR MEDIDAS, DE ORDENES",2026-08-28T13:30:00-04:00,2026-08-28T15:00:00-04:00,No,ENCARGADO DE FABRICACION,24,Otro,NONE,#a47ae2,Si,,,,,,,,,,
44lod0noud7hqti6vm81v8tqmt_20260828T190000Z,IMPRIMIR-ANALIZAR FRENTES Y CARRETERES- EL DISEñO Y LAS PIEZAS ,2026-08-28T15:00:00-04:00,2026-08-28T15:45:00-04:00,No,ENCARGADO DE FABRICACION,24,Otro,NONE,#a47ae2,Si,,,,,,,,,,
4mci0naamtkbbp8gin1kv4gl7q_20260828T200000Z,IMPRIMIR-PEDIDO ACERO Y CONSUMIBLES EN ALEGRA,2026-08-28T16:00:00-04:00,2026-08-28T16:30:00-04:00,No,ENCARGADO DE FABRICACION,24,Otro,NONE,#a47ae2,Si,,,,,,,,,,
5nb8mvdcfg6j3d4pffipt18d0h_20260828T234500Z,Limpieza arriba de mesas y al rededor,2026-08-28T19:45:00-04:00,2026-08-28T20:30:00-04:00,No,ENCARGADO DE FABRICACION,24,Otro,NONE,#a47ae2,Si,,,,,,,,,,
3qb3qn8jvrkvdpeffgfvgb826o_20260829T003000Z,Calendarios de avances del dia.,2026-08-28T20:30:00-04:00,2026-08-28T21:15:00-04:00,No,ENCARGADO DE FABRICACION,24,Otro,NONE,#a47ae2,Si,,,,,,,,,,
vphofhas3s0f0hmnv6q17bj2vb_20260829T013000Z,Cuales papiros a modificar de fabricaciones.,2026-08-28T21:30:00-04:00,2026-08-28T22:15:00-04:00,No,ENCARGADO DE FABRICACION,24,Otro,NONE,#a47ae2,Si,,,,,,,,,,
27ecrt0df70icsj7626mictnjt_20260829T021500Z,Modificar papiros en la pc,2026-08-28T22:15:00-04:00,2026-08-28T23:00:00-04:00,No,ENCARGADO DE FABRICACION,24,Otro,NONE,#a47ae2,Si,,,,,,,,,,
c1rfd8udnqtfr8a15pqc99hc9f_20260829T114500Z,PEDAZOS DE TUBOS  Y ORDENES EN EL PISO,2026-08-29T07:45:00-04:00,2026-08-29T08:15:00-04:00,No,ENCARGADO DE FABRICACION,24,Otro,NONE,#a47ae2,Si,,,,,,,,Revisar no se esten quedando tubos y pedazos debajo.Que no se lleven tubos que son de separadores para el basudero. / mesa guillotina limpia / no tubo ni pedazos medio a medio. / ORDENES EN EL MEDIO DEL CAMINO QUE DIFICULTA EL CAMINAR.,"Revisar no se esten quedando tubos y pedazos debajo.Que no se lleven tubos que son de separadores para el basudero.
mesa guillotina limpia
no tubo ni pedazos medio a medio.
ORDENES EN EL MEDIO DEL CAMINO QUE DIFICULTA EL CAMINAR.",
5e6i1ue015v2kmvuqipkir875h_20260829T173000Z,"TENER CALENDARIOS REVISAR MEDIDAS, DE ORDENES",2026-08-29T13:30:00-04:00,2026-08-29T15:00:00-04:00,No,ENCARGADO DE FABRICACION,24,Otro,NONE,#a47ae2,Si,,,,,,,,,,
c1rfd8udnqtfr8a15pqc99hc9f_20260831T114500Z,PEDAZOS DE TUBOS  Y ORDENES EN EL PISO,2026-08-31T07:45:00-04:00,2026-08-31T08:15:00-04:00,No,ENCARGADO DE FABRICACION,24,Otro,NONE,#a47ae2,Si,,,,,,,,Revisar no se esten quedando tubos y pedazos debajo.Que no se lleven tubos que son de separadores para el basudero. / mesa guillotina limpia / no tubo ni pedazos medio a medio. / ORDENES EN EL MEDIO DEL CAMINO QUE DIFICULTA EL CAMINAR.,"Revisar no se esten quedando tubos y pedazos debajo.Que no se lleven tubos que son de separadores para el basudero.
mesa guillotina limpia
no tubo ni pedazos medio a medio.
ORDENES EN EL MEDIO DEL CAMINO QUE DIFICULTA EL CAMINAR.",
aths67orq9j2ttgcs2vgjbech5_20260831T140000Z,tapas y macheticos CANTIDADES MININAS,2026-08-31T10:00:00-04:00,2026-08-31T11:30:00-04:00,No,ENCARGADO DE FABRICACION,24,Otro,NONE,#a47ae2,Si,,,,,,,,"DEJARLE LISTA PUESTO 8 DE CARRETERES A FABRICAR. / CONFIRMAR ANTES DE PEDIR TOLA SI NO HAY, EN EL TAMARINDO / ENVIAR PEDIDO AL TAMARINDO DE CORTES DE TAPAS, CANTIDADES. / TA-1 HIJET TA-2 TOW ACE TA-3 KIA TA-4 NV200 TA-5 COASTER TA-6 APV","DEJARLE LISTA PUESTO 8 DE CARRETERES A FABRICAR.
CONFIRMAR ANTES DE PEDIR TOLA SI NO HAY, EN EL TAMARINDO
ENVIAR PEDIDO AL TAMARINDO DE CORTES DE TAPAS, CANTIDADES.
TA-1 HIJET TA-2 TOW ACE TA-3 KIA TA-4 NV200 TA-5 COASTER TA-6 APV",
575ck05ok28gemo83n872pjrof_20260831T160000Z, -IMPRIMIR hoy reunir pulgadas de tubos perdidos,2026-08-31T12:00:00-04:00,2026-08-31T12:45:00-04:00,No,ENCARGADO DE FABRICACION,24,Otro,NONE,#a47ae2,Si,,,,,,,,,,
5e6i1ue015v2kmvuqipkir875h_20260831T173000Z,"TENER CALENDARIOS REVISAR MEDIDAS, DE ORDENES",2026-08-31T13:30:00-04:00,2026-08-31T15:00:00-04:00,No,ENCARGADO DE FABRICACION,24,Otro,NONE,#a47ae2,Si,,,,,,,,,,
44lod0noud7hqti6vm81v8tqmt_20260831T190000Z,IMPRIMIR-ANALIZAR FRENTES Y CARRETERES- EL DISEñO Y LAS PIEZAS ,2026-08-31T15:00:00-04:00,2026-08-31T15:45:00-04:00,No,ENCARGADO DE FABRICACION,24,Otro,NONE,#a47ae2,Si,,,,,,,,,,
4mci0naamtkbbp8gin1kv4gl7q_20260831T200000Z,IMPRIMIR-PEDIDO ACERO Y CONSUMIBLES EN ALEGRA,2026-08-31T16:00:00-04:00,2026-08-31T16:30:00-04:00,No,ENCARGADO DE FABRICACION,24,Otro,NONE,#a47ae2,Si,,,,,,,,,,
5nb8mvdcfg6j3d4pffipt18d0h_20260831T234500Z,Limpieza arriba de mesas y al rededor,2026-08-31T19:45:00-04:00,2026-08-31T20:30:00-04:00,No,ENCARGADO DE FABRICACION,24,Otro,NONE,#a47ae2,Si,,,,,,,,,,
4hb8def5jk9c0fppan23o67k63_20260901T000000Z,Revision mensual del puesto 13,2026-08-31T20:00:00-04:00,2026-08-31T20:45:00-04:00,No,ENCARGADO DE FABRICACION,24,Otro,NONE,#a47ae2,Si,,,,,,,,llenar estos datos para puesto de doblador de ordenes todos los meses,llenar estos datos para puesto de doblador de ordenes todos los meses,
3qb3qn8jvrkvdpeffgfvgb826o_20260901T003000Z,Calendarios de avances del dia.,2026-08-31T20:30:00-04:00,2026-08-31T21:15:00-04:00,No,ENCARGADO DE FABRICACION,24,Otro,NONE,#a47ae2,Si,,,,,,,,,,
vphofhas3s0f0hmnv6q17bj2vb_20260901T013000Z,Cuales papiros a modificar de fabricaciones.,2026-08-31T21:30:00-04:00,2026-08-31T22:15:00-04:00,No,ENCARGADO DE FABRICACION,24,Otro,NONE,#a47ae2,Si,,,,,,,,,,
27ecrt0df70icsj7626mictnjt_20260901T021500Z,Modificar papiros en la pc,2026-08-31T22:15:00-04:00,2026-08-31T23:00:00-04:00,No,ENCARGADO DE FABRICACION,24,Otro,NONE,#a47ae2,Si,,,,,,,,,,
c1rfd8udnqtfr8a15pqc99hc9f_20260901T114500Z,PEDAZOS DE TUBOS  Y ORDENES EN EL PISO,2026-09-01T07:45:00-04:00,2026-09-01T08:15:00-04:00,No,ENCARGADO DE FABRICACION,24,Otro,NONE,#a47ae2,Si,,,,,,,,Revisar no se esten quedando tubos y pedazos debajo.Que no se lleven tubos que son de separadores para el basudero. / mesa guillotina limpia / no tubo ni pedazos medio a medio. / ORDENES EN EL MEDIO DEL CAMINO QUE DIFICULTA EL CAMINAR.,"Revisar no se esten quedando tubos y pedazos debajo.Que no se lleven tubos que son de separadores para el basudero.
mesa guillotina limpia
no tubo ni pedazos medio a medio.
ORDENES EN EL MEDIO DEL CAMINO QUE DIFICULTA EL CAMINAR.",
575ck05ok28gemo83n872pjrof_20260901T160000Z, -IMPRIMIR hoy reunir pulgadas de tubos perdidos,2026-09-01T12:00:00-04:00,2026-09-01T12:45:00-04:00,No,ENCARGADO DE FABRICACION,24,Otro,NONE,#a47ae2,Si,,,,,,,,,,
1sibbnnqvpsbjdmae39p82gksv_20260901T170000Z,Ollos en tapas esten bien antes de armar carreter,2026-09-01T13:00:00-04:00,2026-09-01T13:30:00-04:00,No,ENCARGADO DE FABRICACION,24,Otro,NONE,#a47ae2,Si,,,,,,,,,,
5e6i1ue015v2kmvuqipkir875h_20260901T173000Z,"TENER CALENDARIOS REVISAR MEDIDAS, DE ORDENES",2026-09-01T13:30:00-04:00,2026-09-01T15:00:00-04:00,No,ENCARGADO DE FABRICACION,24,Otro,NONE,#a47ae2,Si,,,,,,,,,,
0hf2hucf448kd4vro5793gqfaq_20260901T180000Z,REVISION DE MESAS Y CAJAS LIMPIAS Y ORGANIDAS,2026-09-01T14:00:00-04:00,2026-09-01T14:45:00-04:00,No,ENCARGADO DE FABRICACION,24,Otro,NONE,#a47ae2,Si,,,,,,,,,,
44lod0noud7hqti6vm81v8tqmt_20260901T190000Z,IMPRIMIR-ANALIZAR FRENTES Y CARRETERES- EL DISEñO Y LAS PIEZAS ,2026-09-01T15:00:00-04:00,2026-09-01T15:45:00-04:00,No,ENCARGADO DE FABRICACION,24,Otro,NONE,#a47ae2,Si,,,,,,,,,,
4mci0naamtkbbp8gin1kv4gl7q_20260901T200000Z,IMPRIMIR-PEDIDO ACERO Y CONSUMIBLES EN ALEGRA,2026-09-01T16:00:00-04:00,2026-09-01T16:30:00-04:00,No,ENCARGADO DE FABRICACION,24,Otro,NONE,#a47ae2,Si,,,,,,,,,,
5nb8mvdcfg6j3d4pffipt18d0h_20260901T234500Z,Limpieza arriba de mesas y al rededor,2026-09-01T19:45:00-04:00,2026-09-01T20:30:00-04:00,No,ENCARGADO DE FABRICACION,24,Otro,NONE,#a47ae2,Si,,,,,,,,,,
3qb3qn8jvrkvdpeffgfvgb826o_20260902T003000Z,Calendarios de avances del dia.,2026-09-01T20:30:00-04:00,2026-09-01T21:15:00-04:00,No,ENCARGADO DE FABRICACION,24,Otro,NONE,#a47ae2,Si,,,,,,,,,,
vphofhas3s0f0hmnv6q17bj2vb_20260902T013000Z,Cuales papiros a modificar de fabricaciones.,2026-09-01T21:30:00-04:00,2026-09-01T22:15:00-04:00,No,ENCARGADO DE FABRICACION,24,Otro,NONE,#a47ae2,Si,,,,,,,,,,
27ecrt0df70icsj7626mictnjt_20260902T021500Z,Modificar papiros en la pc,2026-09-01T22:15:00-04:00,2026-09-01T23:00:00-04:00,No,ENCARGADO DE FABRICACION,24,Otro,NONE,#a47ae2,Si,,,,,,,,,,
c1rfd8udnqtfr8a15pqc99hc9f_20260902T114500Z,PEDAZOS DE TUBOS  Y ORDENES EN EL PISO,2026-09-02T07:45:00-04:00,2026-09-02T08:15:00-04:00,No,ENCARGADO DE FABRICACION,24,Otro,NONE,#a47ae2,Si,,,,,,,,Revisar no se esten quedando tubos y pedazos debajo.Que no se lleven tubos que son de separadores para el basudero. / mesa guillotina limpia / no tubo ni pedazos medio a medio. / ORDENES EN EL MEDIO DEL CAMINO QUE DIFICULTA EL CAMINAR.,"Revisar no se esten quedando tubos y pedazos debajo.Que no se lleven tubos que son de separadores para el basudero.
mesa guillotina limpia
no tubo ni pedazos medio a medio.
ORDENES EN EL MEDIO DEL CAMINO QUE DIFICULTA EL CAMINAR.",
aths67orq9j2ttgcs2vgjbech5_20260902T140000Z,tapas y macheticos CANTIDADES MININAS,2026-09-02T10:00:00-04:00,2026-09-02T11:30:00-04:00,No,ENCARGADO DE FABRICACION,24,Otro,NONE,#a47ae2,Si,,,,,,,,"DEJARLE LISTA PUESTO 8 DE CARRETERES A FABRICAR. / CONFIRMAR ANTES DE PEDIR TOLA SI NO HAY, EN EL TAMARINDO / ENVIAR PEDIDO AL TAMARINDO DE CORTES DE TAPAS, CANTIDADES. / TA-1 HIJET TA-2 TOW ACE TA-3 KIA TA-4 NV200 TA-5 COASTER TA-6 APV","DEJARLE LISTA PUESTO 8 DE CARRETERES A FABRICAR.
CONFIRMAR ANTES DE PEDIR TOLA SI NO HAY, EN EL TAMARINDO
ENVIAR PEDIDO AL TAMARINDO DE CORTES DE TAPAS, CANTIDADES.
TA-1 HIJET TA-2 TOW ACE TA-3 KIA TA-4 NV200 TA-5 COASTER TA-6 APV",
575ck05ok28gemo83n872pjrof_20260902T160000Z, -IMPRIMIR hoy reunir pulgadas de tubos perdidos,2026-09-02T12:00:00-04:00,2026-09-02T12:45:00-04:00,No,ENCARGADO DE FABRICACION,24,Otro,NONE,#a47ae2,Si,,,,,,,,,,
5e6i1ue015v2kmvuqipkir875h_20260902T173000Z,"TENER CALENDARIOS REVISAR MEDIDAS, DE ORDENES",2026-09-02T13:30:00-04:00,2026-09-02T15:00:00-04:00,No,ENCARGADO DE FABRICACION,24,Otro,NONE,#a47ae2,Si,,,,,,,,,,
44lod0noud7hqti6vm81v8tqmt_20260902T190000Z,IMPRIMIR-ANALIZAR FRENTES Y CARRETERES- EL DISEñO Y LAS PIEZAS ,2026-09-02T15:00:00-04:00,2026-09-02T15:45:00-04:00,No,ENCARGADO DE FABRICACION,24,Otro,NONE,#a47ae2,Si,,,,,,,,,,
4mci0naamtkbbp8gin1kv4gl7q_20260902T200000Z,IMPRIMIR-PEDIDO ACERO Y CONSUMIBLES EN ALEGRA,2026-09-02T16:00:00-04:00,2026-09-02T16:30:00-04:00,No,ENCARGADO DE FABRICACION,24,Otro,NONE,#a47ae2,Si,,,,,,,,,,
5nb8mvdcfg6j3d4pffipt18d0h_20260902T234500Z,Limpieza arriba de mesas y al rededor,2026-09-02T19:45:00-04:00,2026-09-02T20:30:00-04:00,No,ENCARGADO DE FABRICACION,24,Otro,NONE,#a47ae2,Si,,,,,,,,,,
3qb3qn8jvrkvdpeffgfvgb826o_20260903T003000Z,Calendarios de avances del dia.,2026-09-02T20:30:00-04:00,2026-09-02T21:15:00-04:00,No,ENCARGADO DE FABRICACION,24,Otro,NONE,#a47ae2,Si,,,,,,,,,,
vphofhas3s0f0hmnv6q17bj2vb_20260903T013000Z,Cuales papiros a modificar de fabricaciones.,2026-09-02T21:30:00-04:00,2026-09-02T22:15:00-04:00,No,ENCARGADO DE FABRICACION,24,Otro,NONE,#a47ae2,Si,,,,,,,,,,
27ecrt0df70icsj7626mictnjt_20260903T021500Z,Modificar papiros en la pc,2026-09-02T22:15:00-04:00,2026-09-02T23:00:00-04:00,No,ENCARGADO DE FABRICACION,24,Otro,NONE,#a47ae2,Si,,,,,,,,,,
c1rfd8udnqtfr8a15pqc99hc9f_20260903T114500Z,PEDAZOS DE TUBOS  Y ORDENES EN EL PISO,2026-09-03T07:45:00-04:00,2026-09-03T08:15:00-04:00,No,ENCARGADO DE FABRICACION,24,Otro,NONE,#a47ae2,Si,,,,,,,,Revisar no se esten quedando tubos y pedazos debajo.Que no se lleven tubos que son de separadores para el basudero. / mesa guillotina limpia / no tubo ni pedazos medio a medio. / ORDENES EN EL MEDIO DEL CAMINO QUE DIFICULTA EL CAMINAR.,"Revisar no se esten quedando tubos y pedazos debajo.Que no se lleven tubos que son de separadores para el basudero.
mesa guillotina limpia
no tubo ni pedazos medio a medio.
ORDENES EN EL MEDIO DEL CAMINO QUE DIFICULTA EL CAMINAR.",
575ck05ok28gemo83n872pjrof_20260903T160000Z, -IMPRIMIR hoy reunir pulgadas de tubos perdidos,2026-09-03T12:00:00-04:00,2026-09-03T12:45:00-04:00,No,ENCARGADO DE FABRICACION,24,Otro,NONE,#a47ae2,Si,,,,,,,,,,
5e6i1ue015v2kmvuqipkir875h_20260903T173000Z,"TENER CALENDARIOS REVISAR MEDIDAS, DE ORDENES",2026-09-03T13:30:00-04:00,2026-09-03T15:00:00-04:00,No,ENCARGADO DE FABRICACION,24,Otro,NONE,#a47ae2,Si,,,,,,,,,,
44lod0noud7hqti6vm81v8tqmt_20260903T190000Z,IMPRIMIR-ANALIZAR FRENTES Y CARRETERES- EL DISEñO Y LAS PIEZAS ,2026-09-03T15:00:00-04:00,2026-09-03T15:45:00-04:00,No,ENCARGADO DE FABRICACION,24,Otro,NONE,#a47ae2,Si,,,,,,,,,,
4mci0naamtkbbp8gin1kv4gl7q_20260903T200000Z,IMPRIMIR-PEDIDO ACERO Y CONSUMIBLES EN ALEGRA,2026-09-03T16:00:00-04:00,2026-09-03T16:30:00-04:00,No,ENCARGADO DE FABRICACION,24,Otro,NONE,#a47ae2,Si,,,,,,,,,,
5nb8mvdcfg6j3d4pffipt18d0h_20260903T234500Z,Limpieza arriba de mesas y al rededor,2026-09-03T19:45:00-04:00,2026-09-03T20:30:00-04:00,No,ENCARGADO DE FABRICACION,24,Otro,NONE,#a47ae2,Si,,,,,,,,,,
4hb8def5jk9c0fppan23o67k63_20260904T000000Z,Revision mensual del puesto 13,2026-09-03T20:00:00-04:00,2026-09-03T20:45:00-04:00,No,ENCARGADO DE FABRICACION,24,Otro,NONE,#a47ae2,Si,,,,,,,,llenar estos datos para puesto de doblador de ordenes todos los meses,llenar estos datos para puesto de doblador de ordenes todos los meses,
3qb3qn8jvrkvdpeffgfvgb826o_20260904T003000Z,Calendarios de avances del dia.,2026-09-03T20:30:00-04:00,2026-09-03T21:15:00-04:00,No,ENCARGADO DE FABRICACION,24,Otro,NONE,#a47ae2,Si,,,,,,,,,,
vphofhas3s0f0hmnv6q17bj2vb_20260904T013000Z,Cuales papiros a modificar de fabricaciones.,2026-09-03T21:30:00-04:00,2026-09-03T22:15:00-04:00,No,ENCARGADO DE FABRICACION,24,Otro,NONE,#a47ae2,Si,,,,,,,,,,
27ecrt0df70icsj7626mictnjt_20260904T021500Z,Modificar papiros en la pc,2026-09-03T22:15:00-04:00,2026-09-03T23:00:00-04:00,No,ENCARGADO DE FABRICACION,24,Otro,NONE,#a47ae2,Si,,,,,,,,,,
c1rfd8udnqtfr8a15pqc99hc9f_20260904T114500Z,PEDAZOS DE TUBOS  Y ORDENES EN EL PISO,2026-09-04T07:45:00-04:00,2026-09-04T08:15:00-04:00,No,ENCARGADO DE FABRICACION,24,Otro,NONE,#a47ae2,Si,,,,,,,,Revisar no se esten quedando tubos y pedazos debajo.Que no se lleven tubos que son de separadores para el basudero. / mesa guillotina limpia / no tubo ni pedazos medio a medio. / ORDENES EN EL MEDIO DEL CAMINO QUE DIFICULTA EL CAMINAR.,"Revisar no se esten quedando tubos y pedazos debajo.Que no se lleven tubos que son de separadores para el basudero.
mesa guillotina limpia
no tubo ni pedazos medio a medio.
ORDENES EN EL MEDIO DEL CAMINO QUE DIFICULTA EL CAMINAR.",
aths67orq9j2ttgcs2vgjbech5_20260904T140000Z,tapas y macheticos CANTIDADES MININAS,2026-09-04T10:00:00-04:00,2026-09-04T11:30:00-04:00,No,ENCARGADO DE FABRICACION,24,Otro,NONE,#a47ae2,Si,,,,,,,,"DEJARLE LISTA PUESTO 8 DE CARRETERES A FABRICAR. / CONFIRMAR ANTES DE PEDIR TOLA SI NO HAY, EN EL TAMARINDO / ENVIAR PEDIDO AL TAMARINDO DE CORTES DE TAPAS, CANTIDADES. / TA-1 HIJET TA-2 TOW ACE TA-3 KIA TA-4 NV200 TA-5 COASTER TA-6 APV","DEJARLE LISTA PUESTO 8 DE CARRETERES A FABRICAR.
CONFIRMAR ANTES DE PEDIR TOLA SI NO HAY, EN EL TAMARINDO
ENVIAR PEDIDO AL TAMARINDO DE CORTES DE TAPAS, CANTIDADES.
TA-1 HIJET TA-2 TOW ACE TA-3 KIA TA-4 NV200 TA-5 COASTER TA-6 APV",
575ck05ok28gemo83n872pjrof_20260904T160000Z, -IMPRIMIR hoy reunir pulgadas de tubos perdidos,2026-09-04T12:00:00-04:00,2026-09-04T12:45:00-04:00,No,ENCARGADO DE FABRICACION,24,Otro,NONE,#a47ae2,Si,,,,,,,,,,
1sibbnnqvpsbjdmae39p82gksv_20260904T170000Z,Ollos en tapas esten bien antes de armar carreter,2026-09-04T13:00:00-04:00,2026-09-04T13:30:00-04:00,No,ENCARGADO DE FABRICACION,24,Otro,NONE,#a47ae2,Si,,,,,,,,,,
5e6i1ue015v2kmvuqipkir875h_20260904T173000Z,"TENER CALENDARIOS REVISAR MEDIDAS, DE ORDENES",2026-09-04T13:30:00-04:00,2026-09-04T15:00:00-04:00,No,ENCARGADO DE FABRICACION,24,Otro,NONE,#a47ae2,Si,,,,,,,,,,
44lod0noud7hqti6vm81v8tqmt_20260904T190000Z,IMPRIMIR-ANALIZAR FRENTES Y CARRETERES- EL DISEñO Y LAS PIEZAS ,2026-09-04T15:00:00-04:00,2026-09-04T15:45:00-04:00,No,ENCARGADO DE FABRICACION,24,Otro,NONE,#a47ae2,Si,,,,,,,,,,
4mci0naamtkbbp8gin1kv4gl7q_20260904T200000Z,IMPRIMIR-PEDIDO ACERO Y CONSUMIBLES EN ALEGRA,2026-09-04T16:00:00-04:00,2026-09-04T16:30:00-04:00,No,ENCARGADO DE FABRICACION,24,Otro,NONE,#a47ae2,Si,,,,,,,,,,
5nb8mvdcfg6j3d4pffipt18d0h_20260904T234500Z,Limpieza arriba de mesas y al rededor,2026-09-04T19:45:00-04:00,2026-09-04T20:30:00-04:00,No,ENCARGADO DE FABRICACION,24,Otro,NONE,#a47ae2,Si,,,,,,,,,,
3qb3qn8jvrkvdpeffgfvgb826o_20260905T003000Z,Calendarios de avances del dia.,2026-09-04T20:30:00-04:00,2026-09-04T21:15:00-04:00,No,ENCARGADO DE FABRICACION,24,Otro,NONE,#a47ae2,Si,,,,,,,,,,
vphofhas3s0f0hmnv6q17bj2vb_20260905T013000Z,Cuales papiros a modificar de fabricaciones.,2026-09-04T21:30:00-04:00,2026-09-04T22:15:00-04:00,No,ENCARGADO DE FABRICACION,24,Otro,NONE,#a47ae2,Si,,,,,,,,,,
27ecrt0df70icsj7626mictnjt_20260905T021500Z,Modificar papiros en la pc,2026-09-04T22:15:00-04:00,2026-09-04T23:00:00-04:00,No,ENCARGADO DE FABRICACION,24,Otro,NONE,#a47ae2,Si,,,,,,,,,,
c1rfd8udnqtfr8a15pqc99hc9f_20260905T114500Z,PEDAZOS DE TUBOS  Y ORDENES EN EL PISO,2026-09-05T07:45:00-04:00,2026-09-05T08:15:00-04:00,No,ENCARGADO DE FABRICACION,24,Otro,NONE,#a47ae2,Si,,,,,,,,Revisar no se esten quedando tubos y pedazos debajo.Que no se lleven tubos que son de separadores para el basudero. / mesa guillotina limpia / no tubo ni pedazos medio a medio. / ORDENES EN EL MEDIO DEL CAMINO QUE DIFICULTA EL CAMINAR.,"Revisar no se esten quedando tubos y pedazos debajo.Que no se lleven tubos que son de separadores para el basudero.
mesa guillotina limpia
no tubo ni pedazos medio a medio.
ORDENES EN EL MEDIO DEL CAMINO QUE DIFICULTA EL CAMINAR.",
5e6i1ue015v2kmvuqipkir875h_20260905T173000Z,"TENER CALENDARIOS REVISAR MEDIDAS, DE ORDENES",2026-09-05T13:30:00-04:00,2026-09-05T15:00:00-04:00,No,ENCARGADO DE FABRICACION,24,Otro,NONE,#a47ae2,Si,,,,,,,,,,
c1rfd8udnqtfr8a15pqc99hc9f_20260907T114500Z,PEDAZOS DE TUBOS  Y ORDENES EN EL PISO,2026-09-07T07:45:00-04:00,2026-09-07T08:15:00-04:00,No,ENCARGADO DE FABRICACION,24,Otro,NONE,#a47ae2,Si,,,,,,,,Revisar no se esten quedando tubos y pedazos debajo.Que no se lleven tubos que son de separadores para el basudero. / mesa guillotina limpia / no tubo ni pedazos medio a medio. / ORDENES EN EL MEDIO DEL CAMINO QUE DIFICULTA EL CAMINAR.,"Revisar no se esten quedando tubos y pedazos debajo.Que no se lleven tubos que son de separadores para el basudero.
mesa guillotina limpia
no tubo ni pedazos medio a medio.
ORDENES EN EL MEDIO DEL CAMINO QUE DIFICULTA EL CAMINAR.",
aths67orq9j2ttgcs2vgjbech5_20260907T140000Z,tapas y macheticos CANTIDADES MININAS,2026-09-07T10:00:00-04:00,2026-09-07T11:30:00-04:00,No,ENCARGADO DE FABRICACION,24,Otro,NONE,#a47ae2,Si,,,,,,,,"DEJARLE LISTA PUESTO 8 DE CARRETERES A FABRICAR. / CONFIRMAR ANTES DE PEDIR TOLA SI NO HAY, EN EL TAMARINDO / ENVIAR PEDIDO AL TAMARINDO DE CORTES DE TAPAS, CANTIDADES. / TA-1 HIJET TA-2 TOW ACE TA-3 KIA TA-4 NV200 TA-5 COASTER TA-6 APV","DEJARLE LISTA PUESTO 8 DE CARRETERES A FABRICAR.
CONFIRMAR ANTES DE PEDIR TOLA SI NO HAY, EN EL TAMARINDO
ENVIAR PEDIDO AL TAMARINDO DE CORTES DE TAPAS, CANTIDADES.
TA-1 HIJET TA-2 TOW ACE TA-3 KIA TA-4 NV200 TA-5 COASTER TA-6 APV",
575ck05ok28gemo83n872pjrof_20260907T160000Z, -IMPRIMIR hoy reunir pulgadas de tubos perdidos,2026-09-07T12:00:00-04:00,2026-09-07T12:45:00-04:00,No,ENCARGADO DE FABRICACION,24,Otro,NONE,#a47ae2,Si,,,,,,,,,,
5e6i1ue015v2kmvuqipkir875h_20260907T173000Z,"TENER CALENDARIOS REVISAR MEDIDAS, DE ORDENES",2026-09-07T13:30:00-04:00,2026-09-07T15:00:00-04:00,No,ENCARGADO DE FABRICACION,24,Otro,NONE,#a47ae2,Si,,,,,,,,,,
44lod0noud7hqti6vm81v8tqmt_20260907T190000Z,IMPRIMIR-ANALIZAR FRENTES Y CARRETERES- EL DISEñO Y LAS PIEZAS ,2026-09-07T15:00:00-04:00,2026-09-07T15:45:00-04:00,No,ENCARGADO DE FABRICACION,24,Otro,NONE,#a47ae2,Si,,,,,,,,,,
4mci0naamtkbbp8gin1kv4gl7q_20260907T200000Z,IMPRIMIR-PEDIDO ACERO Y CONSUMIBLES EN ALEGRA,2026-09-07T16:00:00-04:00,2026-09-07T16:30:00-04:00,No,ENCARGADO DE FABRICACION,24,Otro,NONE,#a47ae2,Si,,,,,,,,,,
5nb8mvdcfg6j3d4pffipt18d0h_20260907T234500Z,Limpieza arriba de mesas y al rededor,2026-09-07T19:45:00-04:00,2026-09-07T20:30:00-04:00,No,ENCARGADO DE FABRICACION,24,Otro,NONE,#a47ae2,Si,,,,,,,,,,
4hb8def5jk9c0fppan23o67k63_20260908T000000Z,Revision mensual del puesto 13,2026-09-07T20:00:00-04:00,2026-09-07T20:45:00-04:00,No,ENCARGADO DE FABRICACION,24,Otro,NONE,#a47ae2,Si,,,,,,,,llenar estos datos para puesto de doblador de ordenes todos los meses,llenar estos datos para puesto de doblador de ordenes todos los meses,
3qb3qn8jvrkvdpeffgfvgb826o_20260908T003000Z,Calendarios de avances del dia.,2026-09-07T20:30:00-04:00,2026-09-07T21:15:00-04:00,No,ENCARGADO DE FABRICACION,24,Otro,NONE,#a47ae2,Si,,,,,,,,,,
vphofhas3s0f0hmnv6q17bj2vb_20260908T013000Z,Cuales papiros a modificar de fabricaciones.,2026-09-07T21:30:00-04:00,2026-09-07T22:15:00-04:00,No,ENCARGADO DE FABRICACION,24,Otro,NONE,#a47ae2,Si,,,,,,,,,,
27ecrt0df70icsj7626mictnjt_20260908T021500Z,Modificar papiros en la pc,2026-09-07T22:15:00-04:00,2026-09-07T23:00:00-04:00,No,ENCARGADO DE FABRICACION,24,Otro,NONE,#a47ae2,Si,,,,,,,,,,
c1rfd8udnqtfr8a15pqc99hc9f_20260908T114500Z,PEDAZOS DE TUBOS  Y ORDENES EN EL PISO,2026-09-08T07:45:00-04:00,2026-09-08T08:15:00-04:00,No,ENCARGADO DE FABRICACION,24,Otro,NONE,#a47ae2,Si,,,,,,,,Revisar no se esten quedando tubos y pedazos debajo.Que no se lleven tubos que son de separadores para el basudero. / mesa guillotina limpia / no tubo ni pedazos medio a medio. / ORDENES EN EL MEDIO DEL CAMINO QUE DIFICULTA EL CAMINAR.,"Revisar no se esten quedando tubos y pedazos debajo.Que no se lleven tubos que son de separadores para el basudero.
mesa guillotina limpia
no tubo ni pedazos medio a medio.
ORDENES EN EL MEDIO DEL CAMINO QUE DIFICULTA EL CAMINAR.",
575ck05ok28gemo83n872pjrof_20260908T160000Z, -IMPRIMIR hoy reunir pulgadas de tubos perdidos,2026-09-08T12:00:00-04:00,2026-09-08T12:45:00-04:00,No,ENCARGADO DE FABRICACION,24,Otro,NONE,#a47ae2,Si,,,,,,,,,,
1sibbnnqvpsbjdmae39p82gksv_20260908T170000Z,Ollos en tapas esten bien antes de armar carreter,2026-09-08T13:00:00-04:00,2026-09-08T13:30:00-04:00,No,ENCARGADO DE FABRICACION,24,Otro,NONE,#a47ae2,Si,,,,,,,,,,
5e6i1ue015v2kmvuqipkir875h_20260908T173000Z,"TENER CALENDARIOS REVISAR MEDIDAS, DE ORDENES",2026-09-08T13:30:00-04:00,2026-09-08T15:00:00-04:00,No,ENCARGADO DE FABRICACION,24,Otro,NONE,#a47ae2,Si,,,,,,,,,,
0hf2hucf448kd4vro5793gqfaq_20260908T180000Z,REVISION DE MESAS Y CAJAS LIMPIAS Y ORGANIDAS,2026-09-08T14:00:00-04:00,2026-09-08T14:45:00-04:00,No,ENCARGADO DE FABRICACION,24,Otro,NONE,#a47ae2,Si,,,,,,,,,,
44lod0noud7hqti6vm81v8tqmt_20260908T190000Z,IMPRIMIR-ANALIZAR FRENTES Y CARRETERES- EL DISEñO Y LAS PIEZAS ,2026-09-08T15:00:00-04:00,2026-09-08T15:45:00-04:00,No,ENCARGADO DE FABRICACION,24,Otro,NONE,#a47ae2,Si,,,,,,,,,,
4mci0naamtkbbp8gin1kv4gl7q_20260908T200000Z,IMPRIMIR-PEDIDO ACERO Y CONSUMIBLES EN ALEGRA,2026-09-08T16:00:00-04:00,2026-09-08T16:30:00-04:00,No,ENCARGADO DE FABRICACION,24,Otro,NONE,#a47ae2,Si,,,,,,,,,,
6dh62chhc9h3gbb46dj32b9kcph34bb1c4r3eb9l6gs32o9kc4q34dpi6k_20260908T223000Z,Poner colores de guías para doblar y cortar y números,2026-09-08T18:30:00-04:00,2026-09-08T19:15:00-04:00,No,ENCARGADO DE FABRICACION,24,Otro,NONE,#a47ae2,Si,,,,,,,,1- dar colores a troqueles dobladora / 2- colores a tubos que son iguales a troqueles / 3- remarcar número a muestrario de tubos y planchuela / 4- colores a tubos de muestrario,"1- dar colores a troqueles dobladora
2- colores a tubos que son iguales a troqueles
3- remarcar número a muestrario de tubos y planchuela
4- colores a tubos de muestrario",
5nb8mvdcfg6j3d4pffipt18d0h_20260908T234500Z,Limpieza arriba de mesas y al rededor,2026-09-08T19:45:00-04:00,2026-09-08T20:30:00-04:00,No,ENCARGADO DE FABRICACION,24,Otro,NONE,#a47ae2,Si,,,,,,,,,,
3qb3qn8jvrkvdpeffgfvgb826o_20260909T003000Z,Calendarios de avances del dia.,2026-09-08T20:30:00-04:00,2026-09-08T21:15:00-04:00,No,ENCARGADO DE FABRICACION,24,Otro,NONE,#a47ae2,Si,,,,,,,,,,
vphofhas3s0f0hmnv6q17bj2vb_20260909T013000Z,Cuales papiros a modificar de fabricaciones.,2026-09-08T21:30:00-04:00,2026-09-08T22:15:00-04:00,No,ENCARGADO DE FABRICACION,24,Otro,NONE,#a47ae2,Si,,,,,,,,,,
27ecrt0df70icsj7626mictnjt_20260909T021500Z,Modificar papiros en la pc,2026-09-08T22:15:00-04:00,2026-09-08T23:00:00-04:00,No,ENCARGADO DE FABRICACION,24,Otro,NONE,#a47ae2,Si,,,,,,,,,,
c1rfd8udnqtfr8a15pqc99hc9f_20260909T114500Z,PEDAZOS DE TUBOS  Y ORDENES EN EL PISO,2026-09-09T07:45:00-04:00,2026-09-09T08:15:00-04:00,No,ENCARGADO DE FABRICACION,24,Otro,NONE,#a47ae2,Si,,,,,,,,Revisar no se esten quedando tubos y pedazos debajo.Que no se lleven tubos que son de separadores para el basudero. / mesa guillotina limpia / no tubo ni pedazos medio a medio. / ORDENES EN EL MEDIO DEL CAMINO QUE DIFICULTA EL CAMINAR.,"Revisar no se esten quedando tubos y pedazos debajo.Que no se lleven tubos que son de separadores para el basudero.
mesa guillotina limpia
no tubo ni pedazos medio a medio.
ORDENES EN EL MEDIO DEL CAMINO QUE DIFICULTA EL CAMINAR.",
aths67orq9j2ttgcs2vgjbech5_20260909T140000Z,tapas y macheticos CANTIDADES MININAS,2026-09-09T10:00:00-04:00,2026-09-09T11:30:00-04:00,No,ENCARGADO DE FABRICACION,24,Otro,NONE,#a47ae2,Si,,,,,,,,"DEJARLE LISTA PUESTO 8 DE CARRETERES A FABRICAR. / CONFIRMAR ANTES DE PEDIR TOLA SI NO HAY, EN EL TAMARINDO / ENVIAR PEDIDO AL TAMARINDO DE CORTES DE TAPAS, CANTIDADES. / TA-1 HIJET TA-2 TOW ACE TA-3 KIA TA-4 NV200 TA-5 COASTER TA-6 APV","DEJARLE LISTA PUESTO 8 DE CARRETERES A FABRICAR.
CONFIRMAR ANTES DE PEDIR TOLA SI NO HAY, EN EL TAMARINDO
ENVIAR PEDIDO AL TAMARINDO DE CORTES DE TAPAS, CANTIDADES.
TA-1 HIJET TA-2 TOW ACE TA-3 KIA TA-4 NV200 TA-5 COASTER TA-6 APV",
575ck05ok28gemo83n872pjrof_20260909T160000Z, -IMPRIMIR hoy reunir pulgadas de tubos perdidos,2026-09-09T12:00:00-04:00,2026-09-09T12:45:00-04:00,No,ENCARGADO DE FABRICACION,24,Otro,NONE,#a47ae2,Si,,,,,,,,,,
5e6i1ue015v2kmvuqipkir875h_20260909T173000Z,"TENER CALENDARIOS REVISAR MEDIDAS, DE ORDENES",2026-09-09T13:30:00-04:00,2026-09-09T15:00:00-04:00,No,ENCARGADO DE FABRICACION,24,Otro,NONE,#a47ae2,Si,,,,,,,,,,
44lod0noud7hqti6vm81v8tqmt_20260909T190000Z,IMPRIMIR-ANALIZAR FRENTES Y CARRETERES- EL DISEñO Y LAS PIEZAS ,2026-09-09T15:00:00-04:00,2026-09-09T15:45:00-04:00,No,ENCARGADO DE FABRICACION,24,Otro,NONE,#a47ae2,Si,,,,,,,,,,
4mci0naamtkbbp8gin1kv4gl7q_20260909T200000Z,IMPRIMIR-PEDIDO ACERO Y CONSUMIBLES EN ALEGRA,2026-09-09T16:00:00-04:00,2026-09-09T16:30:00-04:00,No,ENCARGADO DE FABRICACION,24,Otro,NONE,#a47ae2,Si,,,,,,,,,,
5nb8mvdcfg6j3d4pffipt18d0h_20260909T234500Z,Limpieza arriba de mesas y al rededor,2026-09-09T19:45:00-04:00,2026-09-09T20:30:00-04:00,No,ENCARGADO DE FABRICACION,24,Otro,NONE,#a47ae2,Si,,,,,,,,,,
3qb3qn8jvrkvdpeffgfvgb826o_20260910T003000Z,Calendarios de avances del dia.,2026-09-09T20:30:00-04:00,2026-09-09T21:15:00-04:00,No,ENCARGADO DE FABRICACION,24,Otro,NONE,#a47ae2,Si,,,,,,,,,,
vphofhas3s0f0hmnv6q17bj2vb_20260910T013000Z,Cuales papiros a modificar de fabricaciones.,2026-09-09T21:30:00-04:00,2026-09-09T22:15:00-04:00,No,ENCARGADO DE FABRICACION,24,Otro,NONE,#a47ae2,Si,,,,,,,,,,
27ecrt0df70icsj7626mictnjt_20260910T021500Z,Modificar papiros en la pc,2026-09-09T22:15:00-04:00,2026-09-09T23:00:00-04:00,No,ENCARGADO DE FABRICACION,24,Otro,NONE,#a47ae2,Si,,,,,,,,,,
c1rfd8udnqtfr8a15pqc99hc9f_20260910T114500Z,PEDAZOS DE TUBOS  Y ORDENES EN EL PISO,2026-09-10T07:45:00-04:00,2026-09-10T08:15:00-04:00,No,ENCARGADO DE FABRICACION,24,Otro,NONE,#a47ae2,Si,,,,,,,,Revisar no se esten quedando tubos y pedazos debajo.Que no se lleven tubos que son de separadores para el basudero. / mesa guillotina limpia / no tubo ni pedazos medio a medio. / ORDENES EN EL MEDIO DEL CAMINO QUE DIFICULTA EL CAMINAR.,"Revisar no se esten quedando tubos y pedazos debajo.Que no se lleven tubos que son de separadores para el basudero.
mesa guillotina limpia
no tubo ni pedazos medio a medio.
ORDENES EN EL MEDIO DEL CAMINO QUE DIFICULTA EL CAMINAR.",
575ck05ok28gemo83n872pjrof_20260910T160000Z, -IMPRIMIR hoy reunir pulgadas de tubos perdidos,2026-09-10T12:00:00-04:00,2026-09-10T12:45:00-04:00,No,ENCARGADO DE FABRICACION,24,Otro,NONE,#a47ae2,Si,,,,,,,,,,
5e6i1ue015v2kmvuqipkir875h_20260910T173000Z,"TENER CALENDARIOS REVISAR MEDIDAS, DE ORDENES",2026-09-10T13:30:00-04:00,2026-09-10T15:00:00-04:00,No,ENCARGADO DE FABRICACION,24,Otro,NONE,#a47ae2,Si,,,,,,,,,,
44lod0noud7hqti6vm81v8tqmt_20260910T190000Z,IMPRIMIR-ANALIZAR FRENTES Y CARRETERES- EL DISEñO Y LAS PIEZAS ,2026-09-10T15:00:00-04:00,2026-09-10T15:45:00-04:00,No,ENCARGADO DE FABRICACION,24,Otro,NONE,#a47ae2,Si,,,,,,,,,,
4mci0naamtkbbp8gin1kv4gl7q_20260910T200000Z,IMPRIMIR-PEDIDO ACERO Y CONSUMIBLES EN ALEGRA,2026-09-10T16:00:00-04:00,2026-09-10T16:30:00-04:00,No,ENCARGADO DE FABRICACION,24,Otro,NONE,#a47ae2,Si,,,,,,,,,,
5nb8mvdcfg6j3d4pffipt18d0h_20260910T234500Z,Limpieza arriba de mesas y al rededor,2026-09-10T19:45:00-04:00,2026-09-10T20:30:00-04:00,No,ENCARGADO DE FABRICACION,24,Otro,NONE,#a47ae2,Si,,,,,,,,,,
4hb8def5jk9c0fppan23o67k63_20260911T000000Z,Revision mensual del puesto 13,2026-09-10T20:00:00-04:00,2026-09-10T20:45:00-04:00,No,ENCARGADO DE FABRICACION,24,Otro,NONE,#a47ae2,Si,,,,,,,,llenar estos datos para puesto de doblador de ordenes todos los meses,llenar estos datos para puesto de doblador de ordenes todos los meses,
3qb3qn8jvrkvdpeffgfvgb826o_20260911T003000Z,Calendarios de avances del dia.,2026-09-10T20:30:00-04:00,2026-09-10T21:15:00-04:00,No,ENCARGADO DE FABRICACION,24,Otro,NONE,#a47ae2,Si,,,,,,,,,,
vphofhas3s0f0hmnv6q17bj2vb_20260911T013000Z,Cuales papiros a modificar de fabricaciones.,2026-09-10T21:30:00-04:00,2026-09-10T22:15:00-04:00,No,ENCARGADO DE FABRICACION,24,Otro,NONE,#a47ae2,Si,,,,,,,,,,
27ecrt0df70icsj7626mictnjt_20260911T021500Z,Modificar papiros en la pc,2026-09-10T22:15:00-04:00,2026-09-10T23:00:00-04:00,No,ENCARGADO DE FABRICACION,24,Otro,NONE,#a47ae2,Si,,,,,,,,,,
c1rfd8udnqtfr8a15pqc99hc9f_20260911T114500Z,PEDAZOS DE TUBOS  Y ORDENES EN EL PISO,2026-09-11T07:45:00-04:00,2026-09-11T08:15:00-04:00,No,ENCARGADO DE FABRICACION,24,Otro,NONE,#a47ae2,Si,,,,,,,,Revisar no se esten quedando tubos y pedazos debajo.Que no se lleven tubos que son de separadores para el basudero. / mesa guillotina limpia / no tubo ni pedazos medio a medio. / ORDENES EN EL MEDIO DEL CAMINO QUE DIFICULTA EL CAMINAR.,"Revisar no se esten quedando tubos y pedazos debajo.Que no se lleven tubos que son de separadores para el basudero.
mesa guillotina limpia
no tubo ni pedazos medio a medio.
ORDENES EN EL MEDIO DEL CAMINO QUE DIFICULTA EL CAMINAR.",
aths67orq9j2ttgcs2vgjbech5_20260911T140000Z,tapas y macheticos CANTIDADES MININAS,2026-09-11T10:00:00-04:00,2026-09-11T11:30:00-04:00,No,ENCARGADO DE FABRICACION,24,Otro,NONE,#a47ae2,Si,,,,,,,,"DEJARLE LISTA PUESTO 8 DE CARRETERES A FABRICAR. / CONFIRMAR ANTES DE PEDIR TOLA SI NO HAY, EN EL TAMARINDO / ENVIAR PEDIDO AL TAMARINDO DE CORTES DE TAPAS, CANTIDADES. / TA-1 HIJET TA-2 TOW ACE TA-3 KIA TA-4 NV200 TA-5 COASTER TA-6 APV","DEJARLE LISTA PUESTO 8 DE CARRETERES A FABRICAR.
CONFIRMAR ANTES DE PEDIR TOLA SI NO HAY, EN EL TAMARINDO
ENVIAR PEDIDO AL TAMARINDO DE CORTES DE TAPAS, CANTIDADES.
TA-1 HIJET TA-2 TOW ACE TA-3 KIA TA-4 NV200 TA-5 COASTER TA-6 APV",
575ck05ok28gemo83n872pjrof_20260911T160000Z, -IMPRIMIR hoy reunir pulgadas de tubos perdidos,2026-09-11T12:00:00-04:00,2026-09-11T12:45:00-04:00,No,ENCARGADO DE FABRICACION,24,Otro,NONE,#a47ae2,Si,,,,,,,,,,
1sibbnnqvpsbjdmae39p82gksv_20260911T170000Z,Ollos en tapas esten bien antes de armar carreter,2026-09-11T13:00:00-04:00,2026-09-11T13:30:00-04:00,No,ENCARGADO DE FABRICACION,24,Otro,NONE,#a47ae2,Si,,,,,,,,,,
5e6i1ue015v2kmvuqipkir875h_20260911T173000Z,"TENER CALENDARIOS REVISAR MEDIDAS, DE ORDENES",2026-09-11T13:30:00-04:00,2026-09-11T15:00:00-04:00,No,ENCARGADO DE FABRICACION,24,Otro,NONE,#a47ae2,Si,,,,,,,,,,
44lod0noud7hqti6vm81v8tqmt_20260911T190000Z,IMPRIMIR-ANALIZAR FRENTES Y CARRETERES- EL DISEñO Y LAS PIEZAS ,2026-09-11T15:00:00-04:00,2026-09-11T15:45:00-04:00,No,ENCARGADO DE FABRICACION,24,Otro,NONE,#a47ae2,Si,,,,,,,,,,
4mci0naamtkbbp8gin1kv4gl7q_20260911T200000Z,IMPRIMIR-PEDIDO ACERO Y CONSUMIBLES EN ALEGRA,2026-09-11T16:00:00-04:00,2026-09-11T16:30:00-04:00,No,ENCARGADO DE FABRICACION,24,Otro,NONE,#a47ae2,Si,,,,,,,,,,
5nb8mvdcfg6j3d4pffipt18d0h_20260911T234500Z,Limpieza arriba de mesas y al rededor,2026-09-11T19:45:00-04:00,2026-09-11T20:30:00-04:00,No,ENCARGADO DE FABRICACION,24,Otro,NONE,#a47ae2,Si,,,,,,,,,,
3qb3qn8jvrkvdpeffgfvgb826o_20260912T003000Z,Calendarios de avances del dia.,2026-09-11T20:30:00-04:00,2026-09-11T21:15:00-04:00,No,ENCARGADO DE FABRICACION,24,Otro,NONE,#a47ae2,Si,,,,,,,,,,
vphofhas3s0f0hmnv6q17bj2vb_20260912T013000Z,Cuales papiros a modificar de fabricaciones.,2026-09-11T21:30:00-04:00,2026-09-11T22:15:00-04:00,No,ENCARGADO DE FABRICACION,24,Otro,NONE,#a47ae2,Si,,,,,,,,,,
27ecrt0df70icsj7626mictnjt_20260912T021500Z,Modificar papiros en la pc,2026-09-11T22:15:00-04:00,2026-09-11T23:00:00-04:00,No,ENCARGADO DE FABRICACION,24,Otro,NONE,#a47ae2,Si,,,,,,,,,,
c1rfd8udnqtfr8a15pqc99hc9f_20260912T114500Z,PEDAZOS DE TUBOS  Y ORDENES EN EL PISO,2026-09-12T07:45:00-04:00,2026-09-12T08:15:00-04:00,No,ENCARGADO DE FABRICACION,24,Otro,NONE,#a47ae2,Si,,,,,,,,Revisar no se esten quedando tubos y pedazos debajo.Que no se lleven tubos que son de separadores para el basudero. / mesa guillotina limpia / no tubo ni pedazos medio a medio. / ORDENES EN EL MEDIO DEL CAMINO QUE DIFICULTA EL CAMINAR.,"Revisar no se esten quedando tubos y pedazos debajo.Que no se lleven tubos que son de separadores para el basudero.
mesa guillotina limpia
no tubo ni pedazos medio a medio.
ORDENES EN EL MEDIO DEL CAMINO QUE DIFICULTA EL CAMINAR.",
5e6i1ue015v2kmvuqipkir875h_20260912T173000Z,"TENER CALENDARIOS REVISAR MEDIDAS, DE ORDENES",2026-09-12T13:30:00-04:00,2026-09-12T15:00:00-04:00,No,ENCARGADO DE FABRICACION,24,Otro,NONE,#a47ae2,Si,,,,,,,,,,
c1rfd8udnqtfr8a15pqc99hc9f_20260914T114500Z,PEDAZOS DE TUBOS  Y ORDENES EN EL PISO,2026-09-14T07:45:00-04:00,2026-09-14T08:15:00-04:00,No,ENCARGADO DE FABRICACION,24,Otro,NONE,#a47ae2,Si,,,,,,,,Revisar no se esten quedando tubos y pedazos debajo.Que no se lleven tubos que son de separadores para el basudero. / mesa guillotina limpia / no tubo ni pedazos medio a medio. / ORDENES EN EL MEDIO DEL CAMINO QUE DIFICULTA EL CAMINAR.,"Revisar no se esten quedando tubos y pedazos debajo.Que no se lleven tubos que son de separadores para el basudero.
mesa guillotina limpia
no tubo ni pedazos medio a medio.
ORDENES EN EL MEDIO DEL CAMINO QUE DIFICULTA EL CAMINAR.",
aths67orq9j2ttgcs2vgjbech5_20260914T140000Z,tapas y macheticos CANTIDADES MININAS,2026-09-14T10:00:00-04:00,2026-09-14T11:30:00-04:00,No,ENCARGADO DE FABRICACION,24,Otro,NONE,#a47ae2,Si,,,,,,,,"DEJARLE LISTA PUESTO 8 DE CARRETERES A FABRICAR. / CONFIRMAR ANTES DE PEDIR TOLA SI NO HAY, EN EL TAMARINDO / ENVIAR PEDIDO AL TAMARINDO DE CORTES DE TAPAS, CANTIDADES. / TA-1 HIJET TA-2 TOW ACE TA-3 KIA TA-4 NV200 TA-5 COASTER TA-6 APV","DEJARLE LISTA PUESTO 8 DE CARRETERES A FABRICAR.
CONFIRMAR ANTES DE PEDIR TOLA SI NO HAY, EN EL TAMARINDO
ENVIAR PEDIDO AL TAMARINDO DE CORTES DE TAPAS, CANTIDADES.
TA-1 HIJET TA-2 TOW ACE TA-3 KIA TA-4 NV200 TA-5 COASTER TA-6 APV",
575ck05ok28gemo83n872pjrof_20260914T160000Z, -IMPRIMIR hoy reunir pulgadas de tubos perdidos,2026-09-14T12:00:00-04:00,2026-09-14T12:45:00-04:00,No,ENCARGADO DE FABRICACION,24,Otro,NONE,#a47ae2,Si,,,,,,,,,,
5e6i1ue015v2kmvuqipkir875h_20260914T173000Z,"TENER CALENDARIOS REVISAR MEDIDAS, DE ORDENES",2026-09-14T13:30:00-04:00,2026-09-14T15:00:00-04:00,No,ENCARGADO DE FABRICACION,24,Otro,NONE,#a47ae2,Si,,,,,,,,,,
44lod0noud7hqti6vm81v8tqmt_20260914T190000Z,IMPRIMIR-ANALIZAR FRENTES Y CARRETERES- EL DISEñO Y LAS PIEZAS ,2026-09-14T15:00:00-04:00,2026-09-14T15:45:00-04:00,No,ENCARGADO DE FABRICACION,24,Otro,NONE,#a47ae2,Si,,,,,,,,,,
4mci0naamtkbbp8gin1kv4gl7q_20260914T200000Z,IMPRIMIR-PEDIDO ACERO Y CONSUMIBLES EN ALEGRA,2026-09-14T16:00:00-04:00,2026-09-14T16:30:00-04:00,No,ENCARGADO DE FABRICACION,24,Otro,NONE,#a47ae2,Si,,,,,,,,,,
5nb8mvdcfg6j3d4pffipt18d0h_20260914T234500Z,Limpieza arriba de mesas y al rededor,2026-09-14T19:45:00-04:00,2026-09-14T20:30:00-04:00,No,ENCARGADO DE FABRICACION,24,Otro,NONE,#a47ae2,Si,,,,,,,,,,
4hb8def5jk9c0fppan23o67k63_20260915T000000Z,Revision mensual del puesto 13,2026-09-14T20:00:00-04:00,2026-09-14T20:45:00-04:00,No,ENCARGADO DE FABRICACION,24,Otro,NONE,#a47ae2,Si,,,,,,,,llenar estos datos para puesto de doblador de ordenes todos los meses,llenar estos datos para puesto de doblador de ordenes todos los meses,
3qb3qn8jvrkvdpeffgfvgb826o_20260915T003000Z,Calendarios de avances del dia.,2026-09-14T20:30:00-04:00,2026-09-14T21:15:00-04:00,No,ENCARGADO DE FABRICACION,24,Otro,NONE,#a47ae2,Si,,,,,,,,,,
vphofhas3s0f0hmnv6q17bj2vb_20260915T013000Z,Cuales papiros a modificar de fabricaciones.,2026-09-14T21:30:00-04:00,2026-09-14T22:15:00-04:00,No,ENCARGADO DE FABRICACION,24,Otro,NONE,#a47ae2,Si,,,,,,,,,,
27ecrt0df70icsj7626mictnjt_20260915T021500Z,Modificar papiros en la pc,2026-09-14T22:15:00-04:00,2026-09-14T23:00:00-04:00,No,ENCARGADO DE FABRICACION,24,Otro,NONE,#a47ae2,Si,,,,,,,,,,
c1rfd8udnqtfr8a15pqc99hc9f_20260915T114500Z,PEDAZOS DE TUBOS  Y ORDENES EN EL PISO,2026-09-15T07:45:00-04:00,2026-09-15T08:15:00-04:00,No,ENCARGADO DE FABRICACION,24,Otro,NONE,#a47ae2,Si,,,,,,,,Revisar no se esten quedando tubos y pedazos debajo.Que no se lleven tubos que son de separadores para el basudero. / mesa guillotina limpia / no tubo ni pedazos medio a medio. / ORDENES EN EL MEDIO DEL CAMINO QUE DIFICULTA EL CAMINAR.,"Revisar no se esten quedando tubos y pedazos debajo.Que no se lleven tubos que son de separadores para el basudero.
mesa guillotina limpia
no tubo ni pedazos medio a medio.
ORDENES EN EL MEDIO DEL CAMINO QUE DIFICULTA EL CAMINAR.",
575ck05ok28gemo83n872pjrof_20260915T160000Z, -IMPRIMIR hoy reunir pulgadas de tubos perdidos,2026-09-15T12:00:00-04:00,2026-09-15T12:45:00-04:00,No,ENCARGADO DE FABRICACION,24,Otro,NONE,#a47ae2,Si,,,,,,,,,,
1sibbnnqvpsbjdmae39p82gksv_20260915T170000Z,Ollos en tapas esten bien antes de armar carreter,2026-09-15T13:00:00-04:00,2026-09-15T13:30:00-04:00,No,ENCARGADO DE FABRICACION,24,Otro,NONE,#a47ae2,Si,,,,,,,,,,
5e6i1ue015v2kmvuqipkir875h_20260915T173000Z,"TENER CALENDARIOS REVISAR MEDIDAS, DE ORDENES",2026-09-15T13:30:00-04:00,2026-09-15T15:00:00-04:00,No,ENCARGADO DE FABRICACION,24,Otro,NONE,#a47ae2,Si,,,,,,,,,,
0hf2hucf448kd4vro5793gqfaq_20260915T180000Z,REVISION DE MESAS Y CAJAS LIMPIAS Y ORGANIDAS,2026-09-15T14:00:00-04:00,2026-09-15T14:45:00-04:00,No,ENCARGADO DE FABRICACION,24,Otro,NONE,#a47ae2,Si,,,,,,,,,,
44lod0noud7hqti6vm81v8tqmt_20260915T190000Z,IMPRIMIR-ANALIZAR FRENTES Y CARRETERES- EL DISEñO Y LAS PIEZAS ,2026-09-15T15:00:00-04:00,2026-09-15T15:45:00-04:00,No,ENCARGADO DE FABRICACION,24,Otro,NONE,#a47ae2,Si,,,,,,,,,,
4mci0naamtkbbp8gin1kv4gl7q_20260915T200000Z,IMPRIMIR-PEDIDO ACERO Y CONSUMIBLES EN ALEGRA,2026-09-15T16:00:00-04:00,2026-09-15T16:30:00-04:00,No,ENCARGADO DE FABRICACION,24,Otro,NONE,#a47ae2,Si,,,,,,,,,,
5nb8mvdcfg6j3d4pffipt18d0h_20260915T234500Z,Limpieza arriba de mesas y al rededor,2026-09-15T19:45:00-04:00,2026-09-15T20:30:00-04:00,No,ENCARGADO DE FABRICACION,24,Otro,NONE,#a47ae2,Si,,,,,,,,,,
3qb3qn8jvrkvdpeffgfvgb826o_20260916T003000Z,Calendarios de avances del dia.,2026-09-15T20:30:00-04:00,2026-09-15T21:15:00-04:00,No,ENCARGADO DE FABRICACION,24,Otro,NONE,#a47ae2,Si,,,,,,,,,,
vphofhas3s0f0hmnv6q17bj2vb_20260916T013000Z,Cuales papiros a modificar de fabricaciones.,2026-09-15T21:30:00-04:00,2026-09-15T22:15:00-04:00,No,ENCARGADO DE FABRICACION,24,Otro,NONE,#a47ae2,Si,,,,,,,,,,
27ecrt0df70icsj7626mictnjt_20260916T021500Z,Modificar papiros en la pc,2026-09-15T22:15:00-04:00,2026-09-15T23:00:00-04:00,No,ENCARGADO DE FABRICACION,24,Otro,NONE,#a47ae2,Si,,,,,,,,,,
c1rfd8udnqtfr8a15pqc99hc9f_20260916T114500Z,PEDAZOS DE TUBOS  Y ORDENES EN EL PISO,2026-09-16T07:45:00-04:00,2026-09-16T08:15:00-04:00,No,ENCARGADO DE FABRICACION,24,Otro,NONE,#a47ae2,Si,,,,,,,,Revisar no se esten quedando tubos y pedazos debajo.Que no se lleven tubos que son de separadores para el basudero. / mesa guillotina limpia / no tubo ni pedazos medio a medio. / ORDENES EN EL MEDIO DEL CAMINO QUE DIFICULTA EL CAMINAR.,"Revisar no se esten quedando tubos y pedazos debajo.Que no se lleven tubos que son de separadores para el basudero.
mesa guillotina limpia
no tubo ni pedazos medio a medio.
ORDENES EN EL MEDIO DEL CAMINO QUE DIFICULTA EL CAMINAR.",
aths67orq9j2ttgcs2vgjbech5_20260916T140000Z,tapas y macheticos CANTIDADES MININAS,2026-09-16T10:00:00-04:00,2026-09-16T11:30:00-04:00,No,ENCARGADO DE FABRICACION,24,Otro,NONE,#a47ae2,Si,,,,,,,,"DEJARLE LISTA PUESTO 8 DE CARRETERES A FABRICAR. / CONFIRMAR ANTES DE PEDIR TOLA SI NO HAY, EN EL TAMARINDO / ENVIAR PEDIDO AL TAMARINDO DE CORTES DE TAPAS, CANTIDADES. / TA-1 HIJET TA-2 TOW ACE TA-3 KIA TA-4 NV200 TA-5 COASTER TA-6 APV","DEJARLE LISTA PUESTO 8 DE CARRETERES A FABRICAR.
CONFIRMAR ANTES DE PEDIR TOLA SI NO HAY, EN EL TAMARINDO
ENVIAR PEDIDO AL TAMARINDO DE CORTES DE TAPAS, CANTIDADES.
TA-1 HIJET TA-2 TOW ACE TA-3 KIA TA-4 NV200 TA-5 COASTER TA-6 APV",
575ck05ok28gemo83n872pjrof_20260916T160000Z, -IMPRIMIR hoy reunir pulgadas de tubos perdidos,2026-09-16T12:00:00-04:00,2026-09-16T12:45:00-04:00,No,ENCARGADO DE FABRICACION,24,Otro,NONE,#a47ae2,Si,,,,,,,,,,
5e6i1ue015v2kmvuqipkir875h_20260916T173000Z,"TENER CALENDARIOS REVISAR MEDIDAS, DE ORDENES",2026-09-16T13:30:00-04:00,2026-09-16T15:00:00-04:00,No,ENCARGADO DE FABRICACION,24,Otro,NONE,#a47ae2,Si,,,,,,,,,,
44lod0noud7hqti6vm81v8tqmt_20260916T190000Z,IMPRIMIR-ANALIZAR FRENTES Y CARRETERES- EL DISEñO Y LAS PIEZAS ,2026-09-16T15:00:00-04:00,2026-09-16T15:45:00-04:00,No,ENCARGADO DE FABRICACION,24,Otro,NONE,#a47ae2,Si,,,,,,,,,,
4mci0naamtkbbp8gin1kv4gl7q_20260916T200000Z,IMPRIMIR-PEDIDO ACERO Y CONSUMIBLES EN ALEGRA,2026-09-16T16:00:00-04:00,2026-09-16T16:30:00-04:00,No,ENCARGADO DE FABRICACION,24,Otro,NONE,#a47ae2,Si,,,,,,,,,,
5nb8mvdcfg6j3d4pffipt18d0h_20260916T234500Z,Limpieza arriba de mesas y al rededor,2026-09-16T19:45:00-04:00,2026-09-16T20:30:00-04:00,No,ENCARGADO DE FABRICACION,24,Otro,NONE,#a47ae2,Si,,,,,,,,,,
3qb3qn8jvrkvdpeffgfvgb826o_20260917T003000Z,Calendarios de avances del dia.,2026-09-16T20:30:00-04:00,2026-09-16T21:15:00-04:00,No,ENCARGADO DE FABRICACION,24,Otro,NONE,#a47ae2,Si,,,,,,,,,,
vphofhas3s0f0hmnv6q17bj2vb_20260917T013000Z,Cuales papiros a modificar de fabricaciones.,2026-09-16T21:30:00-04:00,2026-09-16T22:15:00-04:00,No,ENCARGADO DE FABRICACION,24,Otro,NONE,#a47ae2,Si,,,,,,,,,,
27ecrt0df70icsj7626mictnjt_20260917T021500Z,Modificar papiros en la pc,2026-09-16T22:15:00-04:00,2026-09-16T23:00:00-04:00,No,ENCARGADO DE FABRICACION,24,Otro,NONE,#a47ae2,Si,,,,,,,,,,
c1rfd8udnqtfr8a15pqc99hc9f_20260917T114500Z,PEDAZOS DE TUBOS  Y ORDENES EN EL PISO,2026-09-17T07:45:00-04:00,2026-09-17T08:15:00-04:00,No,ENCARGADO DE FABRICACION,24,Otro,NONE,#a47ae2,Si,,,,,,,,Revisar no se esten quedando tubos y pedazos debajo.Que no se lleven tubos que son de separadores para el basudero. / mesa guillotina limpia / no tubo ni pedazos medio a medio. / ORDENES EN EL MEDIO DEL CAMINO QUE DIFICULTA EL CAMINAR.,"Revisar no se esten quedando tubos y pedazos debajo.Que no se lleven tubos que son de separadores para el basudero.
mesa guillotina limpia
no tubo ni pedazos medio a medio.
ORDENES EN EL MEDIO DEL CAMINO QUE DIFICULTA EL CAMINAR.",
575ck05ok28gemo83n872pjrof_20260917T160000Z, -IMPRIMIR hoy reunir pulgadas de tubos perdidos,2026-09-17T12:00:00-04:00,2026-09-17T12:45:00-04:00,No,ENCARGADO DE FABRICACION,24,Otro,NONE,#a47ae2,Si,,,,,,,,,,
5e6i1ue015v2kmvuqipkir875h_20260917T173000Z,"TENER CALENDARIOS REVISAR MEDIDAS, DE ORDENES",2026-09-17T13:30:00-04:00,2026-09-17T15:00:00-04:00,No,ENCARGADO DE FABRICACION,24,Otro,NONE,#a47ae2,Si,,,,,,,,,,
44lod0noud7hqti6vm81v8tqmt_20260917T190000Z,IMPRIMIR-ANALIZAR FRENTES Y CARRETERES- EL DISEñO Y LAS PIEZAS ,2026-09-17T15:00:00-04:00,2026-09-17T15:45:00-04:00,No,ENCARGADO DE FABRICACION,24,Otro,NONE,#a47ae2,Si,,,,,,,,,,
4mci0naamtkbbp8gin1kv4gl7q_20260917T200000Z,IMPRIMIR-PEDIDO ACERO Y CONSUMIBLES EN ALEGRA,2026-09-17T16:00:00-04:00,2026-09-17T16:30:00-04:00,No,ENCARGADO DE FABRICACION,24,Otro,NONE,#a47ae2,Si,,,,,,,,,,
5nb8mvdcfg6j3d4pffipt18d0h_20260917T234500Z,Limpieza arriba de mesas y al rededor,2026-09-17T19:45:00-04:00,2026-09-17T20:30:00-04:00,No,ENCARGADO DE FABRICACION,24,Otro,NONE,#a47ae2,Si,,,,,,,,,,
4hb8def5jk9c0fppan23o67k63_20260918T000000Z,Revision mensual del puesto 13,2026-09-17T20:00:00-04:00,2026-09-17T20:45:00-04:00,No,ENCARGADO DE FABRICACION,24,Otro,NONE,#a47ae2,Si,,,,,,,,llenar estos datos para puesto de doblador de ordenes todos los meses,llenar estos datos para puesto de doblador de ordenes todos los meses,
3qb3qn8jvrkvdpeffgfvgb826o_20260918T003000Z,Calendarios de avances del dia.,2026-09-17T20:30:00-04:00,2026-09-17T21:15:00-04:00,No,ENCARGADO DE FABRICACION,24,Otro,NONE,#a47ae2,Si,,,,,,,,,,
vphofhas3s0f0hmnv6q17bj2vb_20260918T013000Z,Cuales papiros a modificar de fabricaciones.,2026-09-17T21:30:00-04:00,2026-09-17T22:15:00-04:00,No,ENCARGADO DE FABRICACION,24,Otro,NONE,#a47ae2,Si,,,,,,,,,,
27ecrt0df70icsj7626mictnjt_20260918T021500Z,Modificar papiros en la pc,2026-09-17T22:15:00-04:00,2026-09-17T23:00:00-04:00,No,ENCARGADO DE FABRICACION,24,Otro,NONE,#a47ae2,Si,,,,,,,,,,
c1rfd8udnqtfr8a15pqc99hc9f_20260918T114500Z,PEDAZOS DE TUBOS  Y ORDENES EN EL PISO,2026-09-18T07:45:00-04:00,2026-09-18T08:15:00-04:00,No,ENCARGADO DE FABRICACION,24,Otro,NONE,#a47ae2,Si,,,,,,,,Revisar no se esten quedando tubos y pedazos debajo.Que no se lleven tubos que son de separadores para el basudero. / mesa guillotina limpia / no tubo ni pedazos medio a medio. / ORDENES EN EL MEDIO DEL CAMINO QUE DIFICULTA EL CAMINAR.,"Revisar no se esten quedando tubos y pedazos debajo.Que no se lleven tubos que son de separadores para el basudero.
mesa guillotina limpia
no tubo ni pedazos medio a medio.
ORDENES EN EL MEDIO DEL CAMINO QUE DIFICULTA EL CAMINAR.",
aths67orq9j2ttgcs2vgjbech5_20260918T140000Z,tapas y macheticos CANTIDADES MININAS,2026-09-18T10:00:00-04:00,2026-09-18T11:30:00-04:00,No,ENCARGADO DE FABRICACION,24,Otro,NONE,#a47ae2,Si,,,,,,,,"DEJARLE LISTA PUESTO 8 DE CARRETERES A FABRICAR. / CONFIRMAR ANTES DE PEDIR TOLA SI NO HAY, EN EL TAMARINDO / ENVIAR PEDIDO AL TAMARINDO DE CORTES DE TAPAS, CANTIDADES. / TA-1 HIJET TA-2 TOW ACE TA-3 KIA TA-4 NV200 TA-5 COASTER TA-6 APV","DEJARLE LISTA PUESTO 8 DE CARRETERES A FABRICAR.
CONFIRMAR ANTES DE PEDIR TOLA SI NO HAY, EN EL TAMARINDO
ENVIAR PEDIDO AL TAMARINDO DE CORTES DE TAPAS, CANTIDADES.
TA-1 HIJET TA-2 TOW ACE TA-3 KIA TA-4 NV200 TA-5 COASTER TA-6 APV",
575ck05ok28gemo83n872pjrof_20260918T160000Z, -IMPRIMIR hoy reunir pulgadas de tubos perdidos,2026-09-18T12:00:00-04:00,2026-09-18T12:45:00-04:00,No,ENCARGADO DE FABRICACION,24,Otro,NONE,#a47ae2,Si,,,,,,,,,,
1sibbnnqvpsbjdmae39p82gksv_20260918T170000Z,Ollos en tapas esten bien antes de armar carreter,2026-09-18T13:00:00-04:00,2026-09-18T13:30:00-04:00,No,ENCARGADO DE FABRICACION,24,Otro,NONE,#a47ae2,Si,,,,,,,,,,
5e6i1ue015v2kmvuqipkir875h_20260918T173000Z,"TENER CALENDARIOS REVISAR MEDIDAS, DE ORDENES",2026-09-18T13:30:00-04:00,2026-09-18T15:00:00-04:00,No,ENCARGADO DE FABRICACION,24,Otro,NONE,#a47ae2,Si,,,,,,,,,,
44lod0noud7hqti6vm81v8tqmt_20260918T190000Z,IMPRIMIR-ANALIZAR FRENTES Y CARRETERES- EL DISEñO Y LAS PIEZAS ,2026-09-18T15:00:00-04:00,2026-09-18T15:45:00-04:00,No,ENCARGADO DE FABRICACION,24,Otro,NONE,#a47ae2,Si,,,,,,,,,,
4mci0naamtkbbp8gin1kv4gl7q_20260918T200000Z,IMPRIMIR-PEDIDO ACERO Y CONSUMIBLES EN ALEGRA,2026-09-18T16:00:00-04:00,2026-09-18T16:30:00-04:00,No,ENCARGADO DE FABRICACION,24,Otro,NONE,#a47ae2,Si,,,,,,,,,,
5nb8mvdcfg6j3d4pffipt18d0h_20260918T234500Z,Limpieza arriba de mesas y al rededor,2026-09-18T19:45:00-04:00,2026-09-18T20:30:00-04:00,No,ENCARGADO DE FABRICACION,24,Otro,NONE,#a47ae2,Si,,,,,,,,,,
3qb3qn8jvrkvdpeffgfvgb826o_20260919T003000Z,Calendarios de avances del dia.,2026-09-18T20:30:00-04:00,2026-09-18T21:15:00-04:00,No,ENCARGADO DE FABRICACION,24,Otro,NONE,#a47ae2,Si,,,,,,,,,,
vphofhas3s0f0hmnv6q17bj2vb_20260919T013000Z,Cuales papiros a modificar de fabricaciones.,2026-09-18T21:30:00-04:00,2026-09-18T22:15:00-04:00,No,ENCARGADO DE FABRICACION,24,Otro,NONE,#a47ae2,Si,,,,,,,,,,
27ecrt0df70icsj7626mictnjt_20260919T021500Z,Modificar papiros en la pc,2026-09-18T22:15:00-04:00,2026-09-18T23:00:00-04:00,No,ENCARGADO DE FABRICACION,24,Otro,NONE,#a47ae2,Si,,,,,,,,,,
c1rfd8udnqtfr8a15pqc99hc9f_20260919T114500Z,PEDAZOS DE TUBOS  Y ORDENES EN EL PISO,2026-09-19T07:45:00-04:00,2026-09-19T08:15:00-04:00,No,ENCARGADO DE FABRICACION,24,Otro,NONE,#a47ae2,Si,,,,,,,,Revisar no se esten quedando tubos y pedazos debajo.Que no se lleven tubos que son de separadores para el basudero. / mesa guillotina limpia / no tubo ni pedazos medio a medio. / ORDENES EN EL MEDIO DEL CAMINO QUE DIFICULTA EL CAMINAR.,"Revisar no se esten quedando tubos y pedazos debajo.Que no se lleven tubos que son de separadores para el basudero.
mesa guillotina limpia
no tubo ni pedazos medio a medio.
ORDENES EN EL MEDIO DEL CAMINO QUE DIFICULTA EL CAMINAR.",
5e6i1ue015v2kmvuqipkir875h_20260919T173000Z,"TENER CALENDARIOS REVISAR MEDIDAS, DE ORDENES",2026-09-19T13:30:00-04:00,2026-09-19T15:00:00-04:00,No,ENCARGADO DE FABRICACION,24,Otro,NONE,#a47ae2,Si,,,,,,,,,,
c1rfd8udnqtfr8a15pqc99hc9f_20260921T114500Z,PEDAZOS DE TUBOS  Y ORDENES EN EL PISO,2026-09-21T07:45:00-04:00,2026-09-21T08:15:00-04:00,No,ENCARGADO DE FABRICACION,24,Otro,NONE,#a47ae2,Si,,,,,,,,Revisar no se esten quedando tubos y pedazos debajo.Que no se lleven tubos que son de separadores para el basudero. / mesa guillotina limpia / no tubo ni pedazos medio a medio. / ORDENES EN EL MEDIO DEL CAMINO QUE DIFICULTA EL CAMINAR.,"Revisar no se esten quedando tubos y pedazos debajo.Que no se lleven tubos que son de separadores para el basudero.
mesa guillotina limpia
no tubo ni pedazos medio a medio.
ORDENES EN EL MEDIO DEL CAMINO QUE DIFICULTA EL CAMINAR.",
aths67orq9j2ttgcs2vgjbech5_20260921T140000Z,tapas y macheticos CANTIDADES MININAS,2026-09-21T10:00:00-04:00,2026-09-21T11:30:00-04:00,No,ENCARGADO DE FABRICACION,24,Otro,NONE,#a47ae2,Si,,,,,,,,"DEJARLE LISTA PUESTO 8 DE CARRETERES A FABRICAR. / CONFIRMAR ANTES DE PEDIR TOLA SI NO HAY, EN EL TAMARINDO / ENVIAR PEDIDO AL TAMARINDO DE CORTES DE TAPAS, CANTIDADES. / TA-1 HIJET TA-2 TOW ACE TA-3 KIA TA-4 NV200 TA-5 COASTER TA-6 APV","DEJARLE LISTA PUESTO 8 DE CARRETERES A FABRICAR.
CONFIRMAR ANTES DE PEDIR TOLA SI NO HAY, EN EL TAMARINDO
ENVIAR PEDIDO AL TAMARINDO DE CORTES DE TAPAS, CANTIDADES.
TA-1 HIJET TA-2 TOW ACE TA-3 KIA TA-4 NV200 TA-5 COASTER TA-6 APV",
575ck05ok28gemo83n872pjrof_20260921T160000Z, -IMPRIMIR hoy reunir pulgadas de tubos perdidos,2026-09-21T12:00:00-04:00,2026-09-21T12:45:00-04:00,No,ENCARGADO DE FABRICACION,24,Otro,NONE,#a47ae2,Si,,,,,,,,,,
5e6i1ue015v2kmvuqipkir875h_20260921T173000Z,"TENER CALENDARIOS REVISAR MEDIDAS, DE ORDENES",2026-09-21T13:30:00-04:00,2026-09-21T15:00:00-04:00,No,ENCARGADO DE FABRICACION,24,Otro,NONE,#a47ae2,Si,,,,,,,,,,
44lod0noud7hqti6vm81v8tqmt_20260921T190000Z,IMPRIMIR-ANALIZAR FRENTES Y CARRETERES- EL DISEñO Y LAS PIEZAS ,2026-09-21T15:00:00-04:00,2026-09-21T15:45:00-04:00,No,ENCARGADO DE FABRICACION,24,Otro,NONE,#a47ae2,Si,,,,,,,,,,
4mci0naamtkbbp8gin1kv4gl7q_20260921T200000Z,IMPRIMIR-PEDIDO ACERO Y CONSUMIBLES EN ALEGRA,2026-09-21T16:00:00-04:00,2026-09-21T16:30:00-04:00,No,ENCARGADO DE FABRICACION,24,Otro,NONE,#a47ae2,Si,,,,,,,,,,
5nb8mvdcfg6j3d4pffipt18d0h_20260921T234500Z,Limpieza arriba de mesas y al rededor,2026-09-21T19:45:00-04:00,2026-09-21T20:30:00-04:00,No,ENCARGADO DE FABRICACION,24,Otro,NONE,#a47ae2,Si,,,,,,,,,,
4hb8def5jk9c0fppan23o67k63_20260922T000000Z,Revision mensual del puesto 13,2026-09-21T20:00:00-04:00,2026-09-21T20:45:00-04:00,No,ENCARGADO DE FABRICACION,24,Otro,NONE,#a47ae2,Si,,,,,,,,llenar estos datos para puesto de doblador de ordenes todos los meses,llenar estos datos para puesto de doblador de ordenes todos los meses,
3qb3qn8jvrkvdpeffgfvgb826o_20260922T003000Z,Calendarios de avances del dia.,2026-09-21T20:30:00-04:00,2026-09-21T21:15:00-04:00,No,ENCARGADO DE FABRICACION,24,Otro,NONE,#a47ae2,Si,,,,,,,,,,
vphofhas3s0f0hmnv6q17bj2vb_20260922T013000Z,Cuales papiros a modificar de fabricaciones.,2026-09-21T21:30:00-04:00,2026-09-21T22:15:00-04:00,No,ENCARGADO DE FABRICACION,24,Otro,NONE,#a47ae2,Si,,,,,,,,,,
27ecrt0df70icsj7626mictnjt_20260922T021500Z,Modificar papiros en la pc,2026-09-21T22:15:00-04:00,2026-09-21T23:00:00-04:00,No,ENCARGADO DE FABRICACION,24,Otro,NONE,#a47ae2,Si,,,,,,,,,,
c1rfd8udnqtfr8a15pqc99hc9f_20260922T114500Z,PEDAZOS DE TUBOS  Y ORDENES EN EL PISO,2026-09-22T07:45:00-04:00,2026-09-22T08:15:00-04:00,No,ENCARGADO DE FABRICACION,24,Otro,NONE,#a47ae2,Si,,,,,,,,Revisar no se esten quedando tubos y pedazos debajo.Que no se lleven tubos que son de separadores para el basudero. / mesa guillotina limpia / no tubo ni pedazos medio a medio. / ORDENES EN EL MEDIO DEL CAMINO QUE DIFICULTA EL CAMINAR.,"Revisar no se esten quedando tubos y pedazos debajo.Que no se lleven tubos que son de separadores para el basudero.
mesa guillotina limpia
no tubo ni pedazos medio a medio.
ORDENES EN EL MEDIO DEL CAMINO QUE DIFICULTA EL CAMINAR.",
575ck05ok28gemo83n872pjrof_20260922T160000Z, -IMPRIMIR hoy reunir pulgadas de tubos perdidos,2026-09-22T12:00:00-04:00,2026-09-22T12:45:00-04:00,No,ENCARGADO DE FABRICACION,24,Otro,NONE,#a47ae2,Si,,,,,,,,,,
1sibbnnqvpsbjdmae39p82gksv_20260922T170000Z,Ollos en tapas esten bien antes de armar carreter,2026-09-22T13:00:00-04:00,2026-09-22T13:30:00-04:00,No,ENCARGADO DE FABRICACION,24,Otro,NONE,#a47ae2,Si,,,,,,,,,,
5e6i1ue015v2kmvuqipkir875h_20260922T173000Z,"TENER CALENDARIOS REVISAR MEDIDAS, DE ORDENES",2026-09-22T13:30:00-04:00,2026-09-22T15:00:00-04:00,No,ENCARGADO DE FABRICACION,24,Otro,NONE,#a47ae2,Si,,,,,,,,,,
0hf2hucf448kd4vro5793gqfaq_20260922T180000Z,REVISION DE MESAS Y CAJAS LIMPIAS Y ORGANIDAS,2026-09-22T14:00:00-04:00,2026-09-22T14:45:00-04:00,No,ENCARGADO DE FABRICACION,24,Otro,NONE,#a47ae2,Si,,,,,,,,,,
44lod0noud7hqti6vm81v8tqmt_20260922T190000Z,IMPRIMIR-ANALIZAR FRENTES Y CARRETERES- EL DISEñO Y LAS PIEZAS ,2026-09-22T15:00:00-04:00,2026-09-22T15:45:00-04:00,No,ENCARGADO DE FABRICACION,24,Otro,NONE,#a47ae2,Si,,,,,,,,,,
4mci0naamtkbbp8gin1kv4gl7q_20260922T200000Z,IMPRIMIR-PEDIDO ACERO Y CONSUMIBLES EN ALEGRA,2026-09-22T16:00:00-04:00,2026-09-22T16:30:00-04:00,No,ENCARGADO DE FABRICACION,24,Otro,NONE,#a47ae2,Si,,,,,,,,,,
5nb8mvdcfg6j3d4pffipt18d0h_20260922T234500Z,Limpieza arriba de mesas y al rededor,2026-09-22T19:45:00-04:00,2026-09-22T20:30:00-04:00,No,ENCARGADO DE FABRICACION,24,Otro,NONE,#a47ae2,Si,,,,,,,,,,
3qb3qn8jvrkvdpeffgfvgb826o_20260923T003000Z,Calendarios de avances del dia.,2026-09-22T20:30:00-04:00,2026-09-22T21:15:00-04:00,No,ENCARGADO DE FABRICACION,24,Otro,NONE,#a47ae2,Si,,,,,,,,,,
vphofhas3s0f0hmnv6q17bj2vb_20260923T013000Z,Cuales papiros a modificar de fabricaciones.,2026-09-22T21:30:00-04:00,2026-09-22T22:15:00-04:00,No,ENCARGADO DE FABRICACION,24,Otro,NONE,#a47ae2,Si,,,,,,,,,,
27ecrt0df70icsj7626mictnjt_20260923T021500Z,Modificar papiros en la pc,2026-09-22T22:15:00-04:00,2026-09-22T23:00:00-04:00,No,ENCARGADO DE FABRICACION,24,Otro,NONE,#a47ae2,Si,,,,,,,,,,
c1rfd8udnqtfr8a15pqc99hc9f_20260923T114500Z,PEDAZOS DE TUBOS  Y ORDENES EN EL PISO,2026-09-23T07:45:00-04:00,2026-09-23T08:15:00-04:00,No,ENCARGADO DE FABRICACION,24,Otro,NONE,#a47ae2,Si,,,,,,,,Revisar no se esten quedando tubos y pedazos debajo.Que no se lleven tubos que son de separadores para el basudero. / mesa guillotina limpia / no tubo ni pedazos medio a medio. / ORDENES EN EL MEDIO DEL CAMINO QUE DIFICULTA EL CAMINAR.,"Revisar no se esten quedando tubos y pedazos debajo.Que no se lleven tubos que son de separadores para el basudero.
mesa guillotina limpia
no tubo ni pedazos medio a medio.
ORDENES EN EL MEDIO DEL CAMINO QUE DIFICULTA EL CAMINAR.",
aths67orq9j2ttgcs2vgjbech5_20260923T140000Z,tapas y macheticos CANTIDADES MININAS,2026-09-23T10:00:00-04:00,2026-09-23T11:30:00-04:00,No,ENCARGADO DE FABRICACION,24,Otro,NONE,#a47ae2,Si,,,,,,,,"DEJARLE LISTA PUESTO 8 DE CARRETERES A FABRICAR. / CONFIRMAR ANTES DE PEDIR TOLA SI NO HAY, EN EL TAMARINDO / ENVIAR PEDIDO AL TAMARINDO DE CORTES DE TAPAS, CANTIDADES. / TA-1 HIJET TA-2 TOW ACE TA-3 KIA TA-4 NV200 TA-5 COASTER TA-6 APV","DEJARLE LISTA PUESTO 8 DE CARRETERES A FABRICAR.
CONFIRMAR ANTES DE PEDIR TOLA SI NO HAY, EN EL TAMARINDO
ENVIAR PEDIDO AL TAMARINDO DE CORTES DE TAPAS, CANTIDADES.
TA-1 HIJET TA-2 TOW ACE TA-3 KIA TA-4 NV200 TA-5 COASTER TA-6 APV",
575ck05ok28gemo83n872pjrof_20260923T160000Z, -IMPRIMIR hoy reunir pulgadas de tubos perdidos,2026-09-23T12:00:00-04:00,2026-09-23T12:45:00-04:00,No,ENCARGADO DE FABRICACION,24,Otro,NONE,#a47ae2,Si,,,,,,,,,,
5e6i1ue015v2kmvuqipkir875h_20260923T173000Z,"TENER CALENDARIOS REVISAR MEDIDAS, DE ORDENES",2026-09-23T13:30:00-04:00,2026-09-23T15:00:00-04:00,No,ENCARGADO DE FABRICACION,24,Otro,NONE,#a47ae2,Si,,,,,,,,,,
44lod0noud7hqti6vm81v8tqmt_20260923T190000Z,IMPRIMIR-ANALIZAR FRENTES Y CARRETERES- EL DISEñO Y LAS PIEZAS ,2026-09-23T15:00:00-04:00,2026-09-23T15:45:00-04:00,No,ENCARGADO DE FABRICACION,24,Otro,NONE,#a47ae2,Si,,,,,,,,,,
4mci0naamtkbbp8gin1kv4gl7q_20260923T200000Z,IMPRIMIR-PEDIDO ACERO Y CONSUMIBLES EN ALEGRA,2026-09-23T16:00:00-04:00,2026-09-23T16:30:00-04:00,No,ENCARGADO DE FABRICACION,24,Otro,NONE,#a47ae2,Si,,,,,,,,,,
5nb8mvdcfg6j3d4pffipt18d0h_20260923T234500Z,Limpieza arriba de mesas y al rededor,2026-09-23T19:45:00-04:00,2026-09-23T20:30:00-04:00,No,ENCARGADO DE FABRICACION,24,Otro,NONE,#a47ae2,Si,,,,,,,,,,
3qb3qn8jvrkvdpeffgfvgb826o_20260924T003000Z,Calendarios de avances del dia.,2026-09-23T20:30:00-04:00,2026-09-23T21:15:00-04:00,No,ENCARGADO DE FABRICACION,24,Otro,NONE,#a47ae2,Si,,,,,,,,,,
vphofhas3s0f0hmnv6q17bj2vb_20260924T013000Z,Cuales papiros a modificar de fabricaciones.,2026-09-23T21:30:00-04:00,2026-09-23T22:15:00-04:00,No,ENCARGADO DE FABRICACION,24,Otro,NONE,#a47ae2,Si,,,,,,,,,,
27ecrt0df70icsj7626mictnjt_20260924T021500Z,Modificar papiros en la pc,2026-09-23T22:15:00-04:00,2026-09-23T23:00:00-04:00,No,ENCARGADO DE FABRICACION,24,Otro,NONE,#a47ae2,Si,,,,,,,,,,
c1rfd8udnqtfr8a15pqc99hc9f_20260924T114500Z,PEDAZOS DE TUBOS  Y ORDENES EN EL PISO,2026-09-24T07:45:00-04:00,2026-09-24T08:15:00-04:00,No,ENCARGADO DE FABRICACION,24,Otro,NONE,#a47ae2,Si,,,,,,,,Revisar no se esten quedando tubos y pedazos debajo.Que no se lleven tubos que son de separadores para el basudero. / mesa guillotina limpia / no tubo ni pedazos medio a medio. / ORDENES EN EL MEDIO DEL CAMINO QUE DIFICULTA EL CAMINAR.,"Revisar no se esten quedando tubos y pedazos debajo.Que no se lleven tubos que son de separadores para el basudero.
mesa guillotina limpia
no tubo ni pedazos medio a medio.
ORDENES EN EL MEDIO DEL CAMINO QUE DIFICULTA EL CAMINAR.",
575ck05ok28gemo83n872pjrof_20260924T160000Z, -IMPRIMIR hoy reunir pulgadas de tubos perdidos,2026-09-24T12:00:00-04:00,2026-09-24T12:45:00-04:00,No,ENCARGADO DE FABRICACION,24,Otro,NONE,#a47ae2,Si,,,,,,,,,,
5e6i1ue015v2kmvuqipkir875h_20260924T173000Z,"TENER CALENDARIOS REVISAR MEDIDAS, DE ORDENES",2026-09-24T13:30:00-04:00,2026-09-24T15:00:00-04:00,No,ENCARGADO DE FABRICACION,24,Otro,NONE,#a47ae2,Si,,,,,,,,,,
44lod0noud7hqti6vm81v8tqmt_20260924T190000Z,IMPRIMIR-ANALIZAR FRENTES Y CARRETERES- EL DISEñO Y LAS PIEZAS ,2026-09-24T15:00:00-04:00,2026-09-24T15:45:00-04:00,No,ENCARGADO DE FABRICACION,24,Otro,NONE,#a47ae2,Si,,,,,,,,,,
4mci0naamtkbbp8gin1kv4gl7q_20260924T200000Z,IMPRIMIR-PEDIDO ACERO Y CONSUMIBLES EN ALEGRA,2026-09-24T16:00:00-04:00,2026-09-24T16:30:00-04:00,No,ENCARGADO DE FABRICACION,24,Otro,NONE,#a47ae2,Si,,,,,,,,,,
5nb8mvdcfg6j3d4pffipt18d0h_20260924T234500Z,Limpieza arriba de mesas y al rededor,2026-09-24T19:45:00-04:00,2026-09-24T20:30:00-04:00,No,ENCARGADO DE FABRICACION,24,Otro,NONE,#a47ae2,Si,,,,,,,,,,
4hb8def5jk9c0fppan23o67k63_20260925T000000Z,Revision mensual del puesto 13,2026-09-24T20:00:00-04:00,2026-09-24T20:45:00-04:00,No,ENCARGADO DE FABRICACION,24,Otro,NONE,#a47ae2,Si,,,,,,,,llenar estos datos para puesto de doblador de ordenes todos los meses,llenar estos datos para puesto de doblador de ordenes todos los meses,
3qb3qn8jvrkvdpeffgfvgb826o_20260925T003000Z,Calendarios de avances del dia.,2026-09-24T20:30:00-04:00,2026-09-24T21:15:00-04:00,No,ENCARGADO DE FABRICACION,24,Otro,NONE,#a47ae2,Si,,,,,,,,,,
vphofhas3s0f0hmnv6q17bj2vb_20260925T013000Z,Cuales papiros a modificar de fabricaciones.,2026-09-24T21:30:00-04:00,2026-09-24T22:15:00-04:00,No,ENCARGADO DE FABRICACION,24,Otro,NONE,#a47ae2,Si,,,,,,,,,,
27ecrt0df70icsj7626mictnjt_20260925T021500Z,Modificar papiros en la pc,2026-09-24T22:15:00-04:00,2026-09-24T23:00:00-04:00,No,ENCARGADO DE FABRICACION,24,Otro,NONE,#a47ae2,Si,,,,,,,,,,
c1rfd8udnqtfr8a15pqc99hc9f_20260925T114500Z,PEDAZOS DE TUBOS  Y ORDENES EN EL PISO,2026-09-25T07:45:00-04:00,2026-09-25T08:15:00-04:00,No,ENCARGADO DE FABRICACION,24,Otro,NONE,#a47ae2,Si,,,,,,,,Revisar no se esten quedando tubos y pedazos debajo.Que no se lleven tubos que son de separadores para el basudero. / mesa guillotina limpia / no tubo ni pedazos medio a medio. / ORDENES EN EL MEDIO DEL CAMINO QUE DIFICULTA EL CAMINAR.,"Revisar no se esten quedando tubos y pedazos debajo.Que no se lleven tubos que son de separadores para el basudero.
mesa guillotina limpia
no tubo ni pedazos medio a medio.
ORDENES EN EL MEDIO DEL CAMINO QUE DIFICULTA EL CAMINAR.",
aths67orq9j2ttgcs2vgjbech5_20260925T140000Z,tapas y macheticos CANTIDADES MININAS,2026-09-25T10:00:00-04:00,2026-09-25T11:30:00-04:00,No,ENCARGADO DE FABRICACION,24,Otro,NONE,#a47ae2,Si,,,,,,,,"DEJARLE LISTA PUESTO 8 DE CARRETERES A FABRICAR. / CONFIRMAR ANTES DE PEDIR TOLA SI NO HAY, EN EL TAMARINDO / ENVIAR PEDIDO AL TAMARINDO DE CORTES DE TAPAS, CANTIDADES. / TA-1 HIJET TA-2 TOW ACE TA-3 KIA TA-4 NV200 TA-5 COASTER TA-6 APV","DEJARLE LISTA PUESTO 8 DE CARRETERES A FABRICAR.
CONFIRMAR ANTES DE PEDIR TOLA SI NO HAY, EN EL TAMARINDO
ENVIAR PEDIDO AL TAMARINDO DE CORTES DE TAPAS, CANTIDADES.
TA-1 HIJET TA-2 TOW ACE TA-3 KIA TA-4 NV200 TA-5 COASTER TA-6 APV",
575ck05ok28gemo83n872pjrof_20260925T160000Z, -IMPRIMIR hoy reunir pulgadas de tubos perdidos,2026-09-25T12:00:00-04:00,2026-09-25T12:45:00-04:00,No,ENCARGADO DE FABRICACION,24,Otro,NONE,#a47ae2,Si,,,,,,,,,,
1sibbnnqvpsbjdmae39p82gksv_20260925T170000Z,Ollos en tapas esten bien antes de armar carreter,2026-09-25T13:00:00-04:00,2026-09-25T13:30:00-04:00,No,ENCARGADO DE FABRICACION,24,Otro,NONE,#a47ae2,Si,,,,,,,,,,
5e6i1ue015v2kmvuqipkir875h_20260925T173000Z,"TENER CALENDARIOS REVISAR MEDIDAS, DE ORDENES",2026-09-25T13:30:00-04:00,2026-09-25T15:00:00-04:00,No,ENCARGADO DE FABRICACION,24,Otro,NONE,#a47ae2,Si,,,,,,,,,,
44lod0noud7hqti6vm81v8tqmt_20260925T190000Z,IMPRIMIR-ANALIZAR FRENTES Y CARRETERES- EL DISEñO Y LAS PIEZAS ,2026-09-25T15:00:00-04:00,2026-09-25T15:45:00-04:00,No,ENCARGADO DE FABRICACION,24,Otro,NONE,#a47ae2,Si,,,,,,,,,,
4mci0naamtkbbp8gin1kv4gl7q_20260925T200000Z,IMPRIMIR-PEDIDO ACERO Y CONSUMIBLES EN ALEGRA,2026-09-25T16:00:00-04:00,2026-09-25T16:30:00-04:00,No,ENCARGADO DE FABRICACION,24,Otro,NONE,#a47ae2,Si,,,,,,,,,,
5nb8mvdcfg6j3d4pffipt18d0h_20260925T234500Z,Limpieza arriba de mesas y al rededor,2026-09-25T19:45:00-04:00,2026-09-25T20:30:00-04:00,No,ENCARGADO DE FABRICACION,24,Otro,NONE,#a47ae2,Si,,,,,,,,,,
3qb3qn8jvrkvdpeffgfvgb826o_20260926T003000Z,Calendarios de avances del dia.,2026-09-25T20:30:00-04:00,2026-09-25T21:15:00-04:00,No,ENCARGADO DE FABRICACION,24,Otro,NONE,#a47ae2,Si,,,,,,,,,,
vphofhas3s0f0hmnv6q17bj2vb_20260926T013000Z,Cuales papiros a modificar de fabricaciones.,2026-09-25T21:30:00-04:00,2026-09-25T22:15:00-04:00,No,ENCARGADO DE FABRICACION,24,Otro,NONE,#a47ae2,Si,,,,,,,,,,
27ecrt0df70icsj7626mictnjt_20260926T021500Z,Modificar papiros en la pc,2026-09-25T22:15:00-04:00,2026-09-25T23:00:00-04:00,No,ENCARGADO DE FABRICACION,24,Otro,NONE,#a47ae2,Si,,,,,,,,,,
c1rfd8udnqtfr8a15pqc99hc9f_20260926T114500Z,PEDAZOS DE TUBOS  Y ORDENES EN EL PISO,2026-09-26T07:45:00-04:00,2026-09-26T08:15:00-04:00,No,ENCARGADO DE FABRICACION,24,Otro,NONE,#a47ae2,Si,,,,,,,,Revisar no se esten quedando tubos y pedazos debajo.Que no se lleven tubos que son de separadores para el basudero. / mesa guillotina limpia / no tubo ni pedazos medio a medio. / ORDENES EN EL MEDIO DEL CAMINO QUE DIFICULTA EL CAMINAR.,"Revisar no se esten quedando tubos y pedazos debajo.Que no se lleven tubos que son de separadores para el basudero.
mesa guillotina limpia
no tubo ni pedazos medio a medio.
ORDENES EN EL MEDIO DEL CAMINO QUE DIFICULTA EL CAMINAR.",
5e6i1ue015v2kmvuqipkir875h_20260926T173000Z,"TENER CALENDARIOS REVISAR MEDIDAS, DE ORDENES",2026-09-26T13:30:00-04:00,2026-09-26T15:00:00-04:00,No,ENCARGADO DE FABRICACION,24,Otro,NONE,#a47ae2,Si,,,,,,,,,,
c1rfd8udnqtfr8a15pqc99hc9f_20260928T114500Z,PEDAZOS DE TUBOS  Y ORDENES EN EL PISO,2026-09-28T07:45:00-04:00,2026-09-28T08:15:00-04:00,No,ENCARGADO DE FABRICACION,24,Otro,NONE,#a47ae2,Si,,,,,,,,Revisar no se esten quedando tubos y pedazos debajo.Que no se lleven tubos que son de separadores para el basudero. / mesa guillotina limpia / no tubo ni pedazos medio a medio. / ORDENES EN EL MEDIO DEL CAMINO QUE DIFICULTA EL CAMINAR.,"Revisar no se esten quedando tubos y pedazos debajo.Que no se lleven tubos que son de separadores para el basudero.
mesa guillotina limpia
no tubo ni pedazos medio a medio.
ORDENES EN EL MEDIO DEL CAMINO QUE DIFICULTA EL CAMINAR.",
aths67orq9j2ttgcs2vgjbech5_20260928T140000Z,tapas y macheticos CANTIDADES MININAS,2026-09-28T10:00:00-04:00,2026-09-28T11:30:00-04:00,No,ENCARGADO DE FABRICACION,24,Otro,NONE,#a47ae2,Si,,,,,,,,"DEJARLE LISTA PUESTO 8 DE CARRETERES A FABRICAR. / CONFIRMAR ANTES DE PEDIR TOLA SI NO HAY, EN EL TAMARINDO / ENVIAR PEDIDO AL TAMARINDO DE CORTES DE TAPAS, CANTIDADES. / TA-1 HIJET TA-2 TOW ACE TA-3 KIA TA-4 NV200 TA-5 COASTER TA-6 APV","DEJARLE LISTA PUESTO 8 DE CARRETERES A FABRICAR.
CONFIRMAR ANTES DE PEDIR TOLA SI NO HAY, EN EL TAMARINDO
ENVIAR PEDIDO AL TAMARINDO DE CORTES DE TAPAS, CANTIDADES.
TA-1 HIJET TA-2 TOW ACE TA-3 KIA TA-4 NV200 TA-5 COASTER TA-6 APV",
575ck05ok28gemo83n872pjrof_20260928T160000Z, -IMPRIMIR hoy reunir pulgadas de tubos perdidos,2026-09-28T12:00:00-04:00,2026-09-28T12:45:00-04:00,No,ENCARGADO DE FABRICACION,24,Otro,NONE,#a47ae2,Si,,,,,,,,,,
5e6i1ue015v2kmvuqipkir875h_20260928T173000Z,"TENER CALENDARIOS REVISAR MEDIDAS, DE ORDENES",2026-09-28T13:30:00-04:00,2026-09-28T15:00:00-04:00,No,ENCARGADO DE FABRICACION,24,Otro,NONE,#a47ae2,Si,,,,,,,,,,
44lod0noud7hqti6vm81v8tqmt_20260928T190000Z,IMPRIMIR-ANALIZAR FRENTES Y CARRETERES- EL DISEñO Y LAS PIEZAS ,2026-09-28T15:00:00-04:00,2026-09-28T15:45:00-04:00,No,ENCARGADO DE FABRICACION,24,Otro,NONE,#a47ae2,Si,,,,,,,,,,
4mci0naamtkbbp8gin1kv4gl7q_20260928T200000Z,IMPRIMIR-PEDIDO ACERO Y CONSUMIBLES EN ALEGRA,2026-09-28T16:00:00-04:00,2026-09-28T16:30:00-04:00,No,ENCARGADO DE FABRICACION,24,Otro,NONE,#a47ae2,Si,,,,,,,,,,
5nb8mvdcfg6j3d4pffipt18d0h_20260928T234500Z,Limpieza arriba de mesas y al rededor,2026-09-28T19:45:00-04:00,2026-09-28T20:30:00-04:00,No,ENCARGADO DE FABRICACION,24,Otro,NONE,#a47ae2,Si,,,,,,,,,,
4hb8def5jk9c0fppan23o67k63_20260929T000000Z,Revision mensual del puesto 13,2026-09-28T20:00:00-04:00,2026-09-28T20:45:00-04:00,No,ENCARGADO DE FABRICACION,24,Otro,NONE,#a47ae2,Si,,,,,,,,llenar estos datos para puesto de doblador de ordenes todos los meses,llenar estos datos para puesto de doblador de ordenes todos los meses,
3qb3qn8jvrkvdpeffgfvgb826o_20260929T003000Z,Calendarios de avances del dia.,2026-09-28T20:30:00-04:00,2026-09-28T21:15:00-04:00,No,ENCARGADO DE FABRICACION,24,Otro,NONE,#a47ae2,Si,,,,,,,,,,
vphofhas3s0f0hmnv6q17bj2vb_20260929T013000Z,Cuales papiros a modificar de fabricaciones.,2026-09-28T21:30:00-04:00,2026-09-28T22:15:00-04:00,No,ENCARGADO DE FABRICACION,24,Otro,NONE,#a47ae2,Si,,,,,,,,,,
27ecrt0df70icsj7626mictnjt_20260929T021500Z,Modificar papiros en la pc,2026-09-28T22:15:00-04:00,2026-09-28T23:00:00-04:00,No,ENCARGADO DE FABRICACION,24,Otro,NONE,#a47ae2,Si,,,,,,,,,,
c1rfd8udnqtfr8a15pqc99hc9f_20260929T114500Z,PEDAZOS DE TUBOS  Y ORDENES EN EL PISO,2026-09-29T07:45:00-04:00,2026-09-29T08:15:00-04:00,No,ENCARGADO DE FABRICACION,24,Otro,NONE,#a47ae2,Si,,,,,,,,Revisar no se esten quedando tubos y pedazos debajo.Que no se lleven tubos que son de separadores para el basudero. / mesa guillotina limpia / no tubo ni pedazos medio a medio. / ORDENES EN EL MEDIO DEL CAMINO QUE DIFICULTA EL CAMINAR.,"Revisar no se esten quedando tubos y pedazos debajo.Que no se lleven tubos que son de separadores para el basudero.
mesa guillotina limpia
no tubo ni pedazos medio a medio.
ORDENES EN EL MEDIO DEL CAMINO QUE DIFICULTA EL CAMINAR.",
575ck05ok28gemo83n872pjrof_20260929T160000Z, -IMPRIMIR hoy reunir pulgadas de tubos perdidos,2026-09-29T12:00:00-04:00,2026-09-29T12:45:00-04:00,No,ENCARGADO DE FABRICACION,24,Otro,NONE,#a47ae2,Si,,,,,,,,,,
1sibbnnqvpsbjdmae39p82gksv_20260929T170000Z,Ollos en tapas esten bien antes de armar carreter,2026-09-29T13:00:00-04:00,2026-09-29T13:30:00-04:00,No,ENCARGADO DE FABRICACION,24,Otro,NONE,#a47ae2,Si,,,,,,,,,,
5e6i1ue015v2kmvuqipkir875h_20260929T173000Z,"TENER CALENDARIOS REVISAR MEDIDAS, DE ORDENES",2026-09-29T13:30:00-04:00,2026-09-29T15:00:00-04:00,No,ENCARGADO DE FABRICACION,24,Otro,NONE,#a47ae2,Si,,,,,,,,,,
0hf2hucf448kd4vro5793gqfaq_20260929T180000Z,REVISION DE MESAS Y CAJAS LIMPIAS Y ORGANIDAS,2026-09-29T14:00:00-04:00,2026-09-29T14:45:00-04:00,No,ENCARGADO DE FABRICACION,24,Otro,NONE,#a47ae2,Si,,,,,,,,,,
44lod0noud7hqti6vm81v8tqmt_20260929T190000Z,IMPRIMIR-ANALIZAR FRENTES Y CARRETERES- EL DISEñO Y LAS PIEZAS ,2026-09-29T15:00:00-04:00,2026-09-29T15:45:00-04:00,No,ENCARGADO DE FABRICACION,24,Otro,NONE,#a47ae2,Si,,,,,,,,,,
4mci0naamtkbbp8gin1kv4gl7q_20260929T200000Z,IMPRIMIR-PEDIDO ACERO Y CONSUMIBLES EN ALEGRA,2026-09-29T16:00:00-04:00,2026-09-29T16:30:00-04:00,No,ENCARGADO DE FABRICACION,24,Otro,NONE,#a47ae2,Si,,,,,,,,,,
5nb8mvdcfg6j3d4pffipt18d0h_20260929T234500Z,Limpieza arriba de mesas y al rededor,2026-09-29T19:45:00-04:00,2026-09-29T20:30:00-04:00,No,ENCARGADO DE FABRICACION,24,Otro,NONE,#a47ae2,Si,,,,,,,,,,
3qb3qn8jvrkvdpeffgfvgb826o_20260930T003000Z,Calendarios de avances del dia.,2026-09-29T20:30:00-04:00,2026-09-29T21:15:00-04:00,No,ENCARGADO DE FABRICACION,24,Otro,NONE,#a47ae2,Si,,,,,,,,,,
vphofhas3s0f0hmnv6q17bj2vb_20260930T013000Z,Cuales papiros a modificar de fabricaciones.,2026-09-29T21:30:00-04:00,2026-09-29T22:15:00-04:00,No,ENCARGADO DE FABRICACION,24,Otro,NONE,#a47ae2,Si,,,,,,,,,,
27ecrt0df70icsj7626mictnjt_20260930T021500Z,Modificar papiros en la pc,2026-09-29T22:15:00-04:00,2026-09-29T23:00:00-04:00,No,ENCARGADO DE FABRICACION,24,Otro,NONE,#a47ae2,Si,,,,,,,,,,
c1rfd8udnqtfr8a15pqc99hc9f_20260930T114500Z,PEDAZOS DE TUBOS  Y ORDENES EN EL PISO,2026-09-30T07:45:00-04:00,2026-09-30T08:15:00-04:00,No,ENCARGADO DE FABRICACION,24,Otro,NONE,#a47ae2,Si,,,,,,,,Revisar no se esten quedando tubos y pedazos debajo.Que no se lleven tubos que son de separadores para el basudero. / mesa guillotina limpia / no tubo ni pedazos medio a medio. / ORDENES EN EL MEDIO DEL CAMINO QUE DIFICULTA EL CAMINAR.,"Revisar no se esten quedando tubos y pedazos debajo.Que no se lleven tubos que son de separadores para el basudero.
mesa guillotina limpia
no tubo ni pedazos medio a medio.
ORDENES EN EL MEDIO DEL CAMINO QUE DIFICULTA EL CAMINAR.",
aths67orq9j2ttgcs2vgjbech5_20260930T140000Z,tapas y macheticos CANTIDADES MININAS,2026-09-30T10:00:00-04:00,2026-09-30T11:30:00-04:00,No,ENCARGADO DE FABRICACION,24,Otro,NONE,#a47ae2,Si,,,,,,,,"DEJARLE LISTA PUESTO 8 DE CARRETERES A FABRICAR. / CONFIRMAR ANTES DE PEDIR TOLA SI NO HAY, EN EL TAMARINDO / ENVIAR PEDIDO AL TAMARINDO DE CORTES DE TAPAS, CANTIDADES. / TA-1 HIJET TA-2 TOW ACE TA-3 KIA TA-4 NV200 TA-5 COASTER TA-6 APV","DEJARLE LISTA PUESTO 8 DE CARRETERES A FABRICAR.
CONFIRMAR ANTES DE PEDIR TOLA SI NO HAY, EN EL TAMARINDO
ENVIAR PEDIDO AL TAMARINDO DE CORTES DE TAPAS, CANTIDADES.
TA-1 HIJET TA-2 TOW ACE TA-3 KIA TA-4 NV200 TA-5 COASTER TA-6 APV",
575ck05ok28gemo83n872pjrof_20260930T160000Z, -IMPRIMIR hoy reunir pulgadas de tubos perdidos,2026-09-30T12:00:00-04:00,2026-09-30T12:45:00-04:00,No,ENCARGADO DE FABRICACION,24,Otro,NONE,#a47ae2,Si,,,,,,,,,,
5e6i1ue015v2kmvuqipkir875h_20260930T173000Z,"TENER CALENDARIOS REVISAR MEDIDAS, DE ORDENES",2026-09-30T13:30:00-04:00,2026-09-30T15:00:00-04:00,No,ENCARGADO DE FABRICACION,24,Otro,NONE,#a47ae2,Si,,,,,,,,,,
44lod0noud7hqti6vm81v8tqmt_20260930T190000Z,IMPRIMIR-ANALIZAR FRENTES Y CARRETERES- EL DISEñO Y LAS PIEZAS ,2026-09-30T15:00:00-04:00,2026-09-30T15:45:00-04:00,No,ENCARGADO DE FABRICACION,24,Otro,NONE,#a47ae2,Si,,,,,,,,,,
4mci0naamtkbbp8gin1kv4gl7q_20260930T200000Z,IMPRIMIR-PEDIDO ACERO Y CONSUMIBLES EN ALEGRA,2026-09-30T16:00:00-04:00,2026-09-30T16:30:00-04:00,No,ENCARGADO DE FABRICACION,24,Otro,NONE,#a47ae2,Si,,,,,,,,,,
5nb8mvdcfg6j3d4pffipt18d0h_20260930T234500Z,Limpieza arriba de mesas y al rededor,2026-09-30T19:45:00-04:00,2026-09-30T20:30:00-04:00,No,ENCARGADO DE FABRICACION,24,Otro,NONE,#a47ae2,Si,,,,,,,,,,
3qb3qn8jvrkvdpeffgfvgb826o_20261001T003000Z,Calendarios de avances del dia.,2026-09-30T20:30:00-04:00,2026-09-30T21:15:00-04:00,No,ENCARGADO DE FABRICACION,24,Otro,NONE,#a47ae2,Si,,,,,,,,,,
vphofhas3s0f0hmnv6q17bj2vb_20261001T013000Z,Cuales papiros a modificar de fabricaciones.,2026-09-30T21:30:00-04:00,2026-09-30T22:15:00-04:00,No,ENCARGADO DE FABRICACION,24,Otro,NONE,#a47ae2,Si,,,,,,,,,,
27ecrt0df70icsj7626mictnjt_20261001T021500Z,Modificar papiros en la pc,2026-09-30T22:15:00-04:00,2026-09-30T23:00:00-04:00,No,ENCARGADO DE FABRICACION,24,Otro,NONE,#a47ae2,Si,,,,,,,,,,
c1rfd8udnqtfr8a15pqc99hc9f_20261001T114500Z,PEDAZOS DE TUBOS  Y ORDENES EN EL PISO,2026-10-01T07:45:00-04:00,2026-10-01T08:15:00-04:00,No,ENCARGADO DE FABRICACION,24,Otro,NONE,#a47ae2,Si,,,,,,,,Revisar no se esten quedando tubos y pedazos debajo.Que no se lleven tubos que son de separadores para el basudero. / mesa guillotina limpia / no tubo ni pedazos medio a medio. / ORDENES EN EL MEDIO DEL CAMINO QUE DIFICULTA EL CAMINAR.,"Revisar no se esten quedando tubos y pedazos debajo.Que no se lleven tubos que son de separadores para el basudero.
mesa guillotina limpia
no tubo ni pedazos medio a medio.
ORDENES EN EL MEDIO DEL CAMINO QUE DIFICULTA EL CAMINAR.",
575ck05ok28gemo83n872pjrof_20261001T160000Z, -IMPRIMIR hoy reunir pulgadas de tubos perdidos,2026-10-01T12:00:00-04:00,2026-10-01T12:45:00-04:00,No,ENCARGADO DE FABRICACION,24,Otro,NONE,#a47ae2,Si,,,,,,,,,,
5e6i1ue015v2kmvuqipkir875h_20261001T173000Z,"TENER CALENDARIOS REVISAR MEDIDAS, DE ORDENES",2026-10-01T13:30:00-04:00,2026-10-01T15:00:00-04:00,No,ENCARGADO DE FABRICACION,24,Otro,NONE,#a47ae2,Si,,,,,,,,,,
44lod0noud7hqti6vm81v8tqmt_20261001T190000Z,IMPRIMIR-ANALIZAR FRENTES Y CARRETERES- EL DISEñO Y LAS PIEZAS ,2026-10-01T15:00:00-04:00,2026-10-01T15:45:00-04:00,No,ENCARGADO DE FABRICACION,24,Otro,NONE,#a47ae2,Si,,,,,,,,,,
4mci0naamtkbbp8gin1kv4gl7q_20261001T200000Z,IMPRIMIR-PEDIDO ACERO Y CONSUMIBLES EN ALEGRA,2026-10-01T16:00:00-04:00,2026-10-01T16:30:00-04:00,No,ENCARGADO DE FABRICACION,24,Otro,NONE,#a47ae2,Si,,,,,,,,,,
5nb8mvdcfg6j3d4pffipt18d0h_20261001T234500Z,Limpieza arriba de mesas y al rededor,2026-10-01T19:45:00-04:00,2026-10-01T20:30:00-04:00,No,ENCARGADO DE FABRICACION,24,Otro,NONE,#a47ae2,Si,,,,,,,,,,
4hb8def5jk9c0fppan23o67k63_20261002T000000Z,Revision mensual del puesto 13,2026-10-01T20:00:00-04:00,2026-10-01T20:45:00-04:00,No,ENCARGADO DE FABRICACION,24,Otro,NONE,#a47ae2,Si,,,,,,,,llenar estos datos para puesto de doblador de ordenes todos los meses,llenar estos datos para puesto de doblador de ordenes todos los meses,
3qb3qn8jvrkvdpeffgfvgb826o_20261002T003000Z,Calendarios de avances del dia.,2026-10-01T20:30:00-04:00,2026-10-01T21:15:00-04:00,No,ENCARGADO DE FABRICACION,24,Otro,NONE,#a47ae2,Si,,,,,,,,,,
vphofhas3s0f0hmnv6q17bj2vb_20261002T013000Z,Cuales papiros a modificar de fabricaciones.,2026-10-01T21:30:00-04:00,2026-10-01T22:15:00-04:00,No,ENCARGADO DE FABRICACION,24,Otro,NONE,#a47ae2,Si,,,,,,,,,,
27ecrt0df70icsj7626mictnjt_20261002T021500Z,Modificar papiros en la pc,2026-10-01T22:15:00-04:00,2026-10-01T23:00:00-04:00,No,ENCARGADO DE FABRICACION,24,Otro,NONE,#a47ae2,Si,,,,,,,,,,
c1rfd8udnqtfr8a15pqc99hc9f_20261002T114500Z,PEDAZOS DE TUBOS  Y ORDENES EN EL PISO,2026-10-02T07:45:00-04:00,2026-10-02T08:15:00-04:00,No,ENCARGADO DE FABRICACION,24,Otro,NONE,#a47ae2,Si,,,,,,,,Revisar no se esten quedando tubos y pedazos debajo.Que no se lleven tubos que son de separadores para el basudero. / mesa guillotina limpia / no tubo ni pedazos medio a medio. / ORDENES EN EL MEDIO DEL CAMINO QUE DIFICULTA EL CAMINAR.,"Revisar no se esten quedando tubos y pedazos debajo.Que no se lleven tubos que son de separadores para el basudero.
mesa guillotina limpia
no tubo ni pedazos medio a medio.
ORDENES EN EL MEDIO DEL CAMINO QUE DIFICULTA EL CAMINAR.",
aths67orq9j2ttgcs2vgjbech5_20261002T140000Z,tapas y macheticos CANTIDADES MININAS,2026-10-02T10:00:00-04:00,2026-10-02T11:30:00-04:00,No,ENCARGADO DE FABRICACION,24,Otro,NONE,#a47ae2,Si,,,,,,,,"DEJARLE LISTA PUESTO 8 DE CARRETERES A FABRICAR. / CONFIRMAR ANTES DE PEDIR TOLA SI NO HAY, EN EL TAMARINDO / ENVIAR PEDIDO AL TAMARINDO DE CORTES DE TAPAS, CANTIDADES. / TA-1 HIJET TA-2 TOW ACE TA-3 KIA TA-4 NV200 TA-5 COASTER TA-6 APV","DEJARLE LISTA PUESTO 8 DE CARRETERES A FABRICAR.
CONFIRMAR ANTES DE PEDIR TOLA SI NO HAY, EN EL TAMARINDO
ENVIAR PEDIDO AL TAMARINDO DE CORTES DE TAPAS, CANTIDADES.
TA-1 HIJET TA-2 TOW ACE TA-3 KIA TA-4 NV200 TA-5 COASTER TA-6 APV",
575ck05ok28gemo83n872pjrof_20261002T160000Z, -IMPRIMIR hoy reunir pulgadas de tubos perdidos,2026-10-02T12:00:00-04:00,2026-10-02T12:45:00-04:00,No,ENCARGADO DE FABRICACION,24,Otro,NONE,#a47ae2,Si,,,,,,,,,,
1sibbnnqvpsbjdmae39p82gksv_20261002T170000Z,Ollos en tapas esten bien antes de armar carreter,2026-10-02T13:00:00-04:00,2026-10-02T13:30:00-04:00,No,ENCARGADO DE FABRICACION,24,Otro,NONE,#a47ae2,Si,,,,,,,,,,
5e6i1ue015v2kmvuqipkir875h_20261002T173000Z,"TENER CALENDARIOS REVISAR MEDIDAS, DE ORDENES",2026-10-02T13:30:00-04:00,2026-10-02T15:00:00-04:00,No,ENCARGADO DE FABRICACION,24,Otro,NONE,#a47ae2,Si,,,,,,,,,,
44lod0noud7hqti6vm81v8tqmt_20261002T190000Z,IMPRIMIR-ANALIZAR FRENTES Y CARRETERES- EL DISEñO Y LAS PIEZAS ,2026-10-02T15:00:00-04:00,2026-10-02T15:45:00-04:00,No,ENCARGADO DE FABRICACION,24,Otro,NONE,#a47ae2,Si,,,,,,,,,,
4mci0naamtkbbp8gin1kv4gl7q_20261002T200000Z,IMPRIMIR-PEDIDO ACERO Y CONSUMIBLES EN ALEGRA,2026-10-02T16:00:00-04:00,2026-10-02T16:30:00-04:00,No,ENCARGADO DE FABRICACION,24,Otro,NONE,#a47ae2,Si,,,,,,,,,,
5nb8mvdcfg6j3d4pffipt18d0h_20261002T234500Z,Limpieza arriba de mesas y al rededor,2026-10-02T19:45:00-04:00,2026-10-02T20:30:00-04:00,No,ENCARGADO DE FABRICACION,24,Otro,NONE,#a47ae2,Si,,,,,,,,,,
3qb3qn8jvrkvdpeffgfvgb826o_20261003T003000Z,Calendarios de avances del dia.,2026-10-02T20:30:00-04:00,2026-10-02T21:15:00-04:00,No,ENCARGADO DE FABRICACION,24,Otro,NONE,#a47ae2,Si,,,,,,,,,,
vphofhas3s0f0hmnv6q17bj2vb_20261003T013000Z,Cuales papiros a modificar de fabricaciones.,2026-10-02T21:30:00-04:00,2026-10-02T22:15:00-04:00,No,ENCARGADO DE FABRICACION,24,Otro,NONE,#a47ae2,Si,,,,,,,,,,
27ecrt0df70icsj7626mictnjt_20261003T021500Z,Modificar papiros en la pc,2026-10-02T22:15:00-04:00,2026-10-02T23:00:00-04:00,No,ENCARGADO DE FABRICACION,24,Otro,NONE,#a47ae2,Si,,,,,,,,,,
c1rfd8udnqtfr8a15pqc99hc9f_20261003T114500Z,PEDAZOS DE TUBOS  Y ORDENES EN EL PISO,2026-10-03T07:45:00-04:00,2026-10-03T08:15:00-04:00,No,ENCARGADO DE FABRICACION,24,Otro,NONE,#a47ae2,Si,,,,,,,,Revisar no se esten quedando tubos y pedazos debajo.Que no se lleven tubos que son de separadores para el basudero. / mesa guillotina limpia / no tubo ni pedazos medio a medio. / ORDENES EN EL MEDIO DEL CAMINO QUE DIFICULTA EL CAMINAR.,"Revisar no se esten quedando tubos y pedazos debajo.Que no se lleven tubos que son de separadores para el basudero.
mesa guillotina limpia
no tubo ni pedazos medio a medio.
ORDENES EN EL MEDIO DEL CAMINO QUE DIFICULTA EL CAMINAR.",
5e6i1ue015v2kmvuqipkir875h_20261003T173000Z,"TENER CALENDARIOS REVISAR MEDIDAS, DE ORDENES",2026-10-03T13:30:00-04:00,2026-10-03T15:00:00-04:00,No,ENCARGADO DE FABRICACION,24,Otro,NONE,#a47ae2,Si,,,,,,,,,,
c1rfd8udnqtfr8a15pqc99hc9f_20261005T114500Z,PEDAZOS DE TUBOS  Y ORDENES EN EL PISO,2026-10-05T07:45:00-04:00,2026-10-05T08:15:00-04:00,No,ENCARGADO DE FABRICACION,24,Otro,NONE,#a47ae2,Si,,,,,,,,Revisar no se esten quedando tubos y pedazos debajo.Que no se lleven tubos que son de separadores para el basudero. / mesa guillotina limpia / no tubo ni pedazos medio a medio. / ORDENES EN EL MEDIO DEL CAMINO QUE DIFICULTA EL CAMINAR.,"Revisar no se esten quedando tubos y pedazos debajo.Que no se lleven tubos que son de separadores para el basudero.
mesa guillotina limpia
no tubo ni pedazos medio a medio.
ORDENES EN EL MEDIO DEL CAMINO QUE DIFICULTA EL CAMINAR.",
aths67orq9j2ttgcs2vgjbech5_20261005T140000Z,tapas y macheticos CANTIDADES MININAS,2026-10-05T10:00:00-04:00,2026-10-05T11:30:00-04:00,No,ENCARGADO DE FABRICACION,24,Otro,NONE,#a47ae2,Si,,,,,,,,"DEJARLE LISTA PUESTO 8 DE CARRETERES A FABRICAR. / CONFIRMAR ANTES DE PEDIR TOLA SI NO HAY, EN EL TAMARINDO / ENVIAR PEDIDO AL TAMARINDO DE CORTES DE TAPAS, CANTIDADES. / TA-1 HIJET TA-2 TOW ACE TA-3 KIA TA-4 NV200 TA-5 COASTER TA-6 APV","DEJARLE LISTA PUESTO 8 DE CARRETERES A FABRICAR.
CONFIRMAR ANTES DE PEDIR TOLA SI NO HAY, EN EL TAMARINDO
ENVIAR PEDIDO AL TAMARINDO DE CORTES DE TAPAS, CANTIDADES.
TA-1 HIJET TA-2 TOW ACE TA-3 KIA TA-4 NV200 TA-5 COASTER TA-6 APV",
575ck05ok28gemo83n872pjrof_20261005T160000Z, -IMPRIMIR hoy reunir pulgadas de tubos perdidos,2026-10-05T12:00:00-04:00,2026-10-05T12:45:00-04:00,No,ENCARGADO DE FABRICACION,24,Otro,NONE,#a47ae2,Si,,,,,,,,,,
5e6i1ue015v2kmvuqipkir875h_20261005T173000Z,"TENER CALENDARIOS REVISAR MEDIDAS, DE ORDENES",2026-10-05T13:30:00-04:00,2026-10-05T15:00:00-04:00,No,ENCARGADO DE FABRICACION,24,Otro,NONE,#a47ae2,Si,,,,,,,,,,
44lod0noud7hqti6vm81v8tqmt_20261005T190000Z,IMPRIMIR-ANALIZAR FRENTES Y CARRETERES- EL DISEñO Y LAS PIEZAS ,2026-10-05T15:00:00-04:00,2026-10-05T15:45:00-04:00,No,ENCARGADO DE FABRICACION,24,Otro,NONE,#a47ae2,Si,,,,,,,,,,
4mci0naamtkbbp8gin1kv4gl7q_20261005T200000Z,IMPRIMIR-PEDIDO ACERO Y CONSUMIBLES EN ALEGRA,2026-10-05T16:00:00-04:00,2026-10-05T16:30:00-04:00,No,ENCARGADO DE FABRICACION,24,Otro,NONE,#a47ae2,Si,,,,,,,,,,
5nb8mvdcfg6j3d4pffipt18d0h_20261005T234500Z,Limpieza arriba de mesas y al rededor,2026-10-05T19:45:00-04:00,2026-10-05T20:30:00-04:00,No,ENCARGADO DE FABRICACION,24,Otro,NONE,#a47ae2,Si,,,,,,,,,,
4hb8def5jk9c0fppan23o67k63_20261006T000000Z,Revision mensual del puesto 13,2026-10-05T20:00:00-04:00,2026-10-05T20:45:00-04:00,No,ENCARGADO DE FABRICACION,24,Otro,NONE,#a47ae2,Si,,,,,,,,llenar estos datos para puesto de doblador de ordenes todos los meses,llenar estos datos para puesto de doblador de ordenes todos los meses,
3qb3qn8jvrkvdpeffgfvgb826o_20261006T003000Z,Calendarios de avances del dia.,2026-10-05T20:30:00-04:00,2026-10-05T21:15:00-04:00,No,ENCARGADO DE FABRICACION,24,Otro,NONE,#a47ae2,Si,,,,,,,,,,
vphofhas3s0f0hmnv6q17bj2vb_20261006T013000Z,Cuales papiros a modificar de fabricaciones.,2026-10-05T21:30:00-04:00,2026-10-05T22:15:00-04:00,No,ENCARGADO DE FABRICACION,24,Otro,NONE,#a47ae2,Si,,,,,,,,,,
27ecrt0df70icsj7626mictnjt_20261006T021500Z,Modificar papiros en la pc,2026-10-05T22:15:00-04:00,2026-10-05T23:00:00-04:00,No,ENCARGADO DE FABRICACION,24,Otro,NONE,#a47ae2,Si,,,,,,,,,,
c1rfd8udnqtfr8a15pqc99hc9f_20261006T114500Z,PEDAZOS DE TUBOS  Y ORDENES EN EL PISO,2026-10-06T07:45:00-04:00,2026-10-06T08:15:00-04:00,No,ENCARGADO DE FABRICACION,24,Otro,NONE,#a47ae2,Si,,,,,,,,Revisar no se esten quedando tubos y pedazos debajo.Que no se lleven tubos que son de separadores para el basudero. / mesa guillotina limpia / no tubo ni pedazos medio a medio. / ORDENES EN EL MEDIO DEL CAMINO QUE DIFICULTA EL CAMINAR.,"Revisar no se esten quedando tubos y pedazos debajo.Que no se lleven tubos que son de separadores para el basudero.
mesa guillotina limpia
no tubo ni pedazos medio a medio.
ORDENES EN EL MEDIO DEL CAMINO QUE DIFICULTA EL CAMINAR.",
575ck05ok28gemo83n872pjrof_20261006T160000Z, -IMPRIMIR hoy reunir pulgadas de tubos perdidos,2026-10-06T12:00:00-04:00,2026-10-06T12:45:00-04:00,No,ENCARGADO DE FABRICACION,24,Otro,NONE,#a47ae2,Si,,,,,,,,,,
1sibbnnqvpsbjdmae39p82gksv_20261006T170000Z,Ollos en tapas esten bien antes de armar carreter,2026-10-06T13:00:00-04:00,2026-10-06T13:30:00-04:00,No,ENCARGADO DE FABRICACION,24,Otro,NONE,#a47ae2,Si,,,,,,,,,,
5e6i1ue015v2kmvuqipkir875h_20261006T173000Z,"TENER CALENDARIOS REVISAR MEDIDAS, DE ORDENES",2026-10-06T13:30:00-04:00,2026-10-06T15:00:00-04:00,No,ENCARGADO DE FABRICACION,24,Otro,NONE,#a47ae2,Si,,,,,,,,,,
0hf2hucf448kd4vro5793gqfaq_20261006T180000Z,REVISION DE MESAS Y CAJAS LIMPIAS Y ORGANIDAS,2026-10-06T14:00:00-04:00,2026-10-06T14:45:00-04:00,No,ENCARGADO DE FABRICACION,24,Otro,NONE,#a47ae2,Si,,,,,,,,,,
44lod0noud7hqti6vm81v8tqmt_20261006T190000Z,IMPRIMIR-ANALIZAR FRENTES Y CARRETERES- EL DISEñO Y LAS PIEZAS ,2026-10-06T15:00:00-04:00,2026-10-06T15:45:00-04:00,No,ENCARGADO DE FABRICACION,24,Otro,NONE,#a47ae2,Si,,,,,,,,,,
4mci0naamtkbbp8gin1kv4gl7q_20261006T200000Z,IMPRIMIR-PEDIDO ACERO Y CONSUMIBLES EN ALEGRA,2026-10-06T16:00:00-04:00,2026-10-06T16:30:00-04:00,No,ENCARGADO DE FABRICACION,24,Otro,NONE,#a47ae2,Si,,,,,,,,,,
5nb8mvdcfg6j3d4pffipt18d0h_20261006T234500Z,Limpieza arriba de mesas y al rededor,2026-10-06T19:45:00-04:00,2026-10-06T20:30:00-04:00,No,ENCARGADO DE FABRICACION,24,Otro,NONE,#a47ae2,Si,,,,,,,,,,
3qb3qn8jvrkvdpeffgfvgb826o_20261007T003000Z,Calendarios de avances del dia.,2026-10-06T20:30:00-04:00,2026-10-06T21:15:00-04:00,No,ENCARGADO DE FABRICACION,24,Otro,NONE,#a47ae2,Si,,,,,,,,,,
vphofhas3s0f0hmnv6q17bj2vb_20261007T013000Z,Cuales papiros a modificar de fabricaciones.,2026-10-06T21:30:00-04:00,2026-10-06T22:15:00-04:00,No,ENCARGADO DE FABRICACION,24,Otro,NONE,#a47ae2,Si,,,,,,,,,,
27ecrt0df70icsj7626mictnjt_20261007T021500Z,Modificar papiros en la pc,2026-10-06T22:15:00-04:00,2026-10-06T23:00:00-04:00,No,ENCARGADO DE FABRICACION,24,Otro,NONE,#a47ae2,Si,,,,,,,,,,
c1rfd8udnqtfr8a15pqc99hc9f_20261007T114500Z,PEDAZOS DE TUBOS  Y ORDENES EN EL PISO,2026-10-07T07:45:00-04:00,2026-10-07T08:15:00-04:00,No,ENCARGADO DE FABRICACION,24,Otro,NONE,#a47ae2,Si,,,,,,,,Revisar no se esten quedando tubos y pedazos debajo.Que no se lleven tubos que son de separadores para el basudero. / mesa guillotina limpia / no tubo ni pedazos medio a medio. / ORDENES EN EL MEDIO DEL CAMINO QUE DIFICULTA EL CAMINAR.,"Revisar no se esten quedando tubos y pedazos debajo.Que no se lleven tubos que son de separadores para el basudero.
mesa guillotina limpia
no tubo ni pedazos medio a medio.
ORDENES EN EL MEDIO DEL CAMINO QUE DIFICULTA EL CAMINAR.",
aths67orq9j2ttgcs2vgjbech5_20261007T140000Z,tapas y macheticos CANTIDADES MININAS,2026-10-07T10:00:00-04:00,2026-10-07T11:30:00-04:00,No,ENCARGADO DE FABRICACION,24,Otro,NONE,#a47ae2,Si,,,,,,,,"DEJARLE LISTA PUESTO 8 DE CARRETERES A FABRICAR. / CONFIRMAR ANTES DE PEDIR TOLA SI NO HAY, EN EL TAMARINDO / ENVIAR PEDIDO AL TAMARINDO DE CORTES DE TAPAS, CANTIDADES. / TA-1 HIJET TA-2 TOW ACE TA-3 KIA TA-4 NV200 TA-5 COASTER TA-6 APV","DEJARLE LISTA PUESTO 8 DE CARRETERES A FABRICAR.
CONFIRMAR ANTES DE PEDIR TOLA SI NO HAY, EN EL TAMARINDO
ENVIAR PEDIDO AL TAMARINDO DE CORTES DE TAPAS, CANTIDADES.
TA-1 HIJET TA-2 TOW ACE TA-3 KIA TA-4 NV200 TA-5 COASTER TA-6 APV",
575ck05ok28gemo83n872pjrof_20261007T160000Z, -IMPRIMIR hoy reunir pulgadas de tubos perdidos,2026-10-07T12:00:00-04:00,2026-10-07T12:45:00-04:00,No,ENCARGADO DE FABRICACION,24,Otro,NONE,#a47ae2,Si,,,,,,,,,,
5e6i1ue015v2kmvuqipkir875h_20261007T173000Z,"TENER CALENDARIOS REVISAR MEDIDAS, DE ORDENES",2026-10-07T13:30:00-04:00,2026-10-07T15:00:00-04:00,No,ENCARGADO DE FABRICACION,24,Otro,NONE,#a47ae2,Si,,,,,,,,,,
44lod0noud7hqti6vm81v8tqmt_20261007T190000Z,IMPRIMIR-ANALIZAR FRENTES Y CARRETERES- EL DISEñO Y LAS PIEZAS ,2026-10-07T15:00:00-04:00,2026-10-07T15:45:00-04:00,No,ENCARGADO DE FABRICACION,24,Otro,NONE,#a47ae2,Si,,,,,,,,,,
4mci0naamtkbbp8gin1kv4gl7q_20261007T200000Z,IMPRIMIR-PEDIDO ACERO Y CONSUMIBLES EN ALEGRA,2026-10-07T16:00:00-04:00,2026-10-07T16:30:00-04:00,No,ENCARGADO DE FABRICACION,24,Otro,NONE,#a47ae2,Si,,,,,,,,,,
5nb8mvdcfg6j3d4pffipt18d0h_20261007T234500Z,Limpieza arriba de mesas y al rededor,2026-10-07T19:45:00-04:00,2026-10-07T20:30:00-04:00,No,ENCARGADO DE FABRICACION,24,Otro,NONE,#a47ae2,Si,,,,,,,,,,
3qb3qn8jvrkvdpeffgfvgb826o_20261008T003000Z,Calendarios de avances del dia.,2026-10-07T20:30:00-04:00,2026-10-07T21:15:00-04:00,No,ENCARGADO DE FABRICACION,24,Otro,NONE,#a47ae2,Si,,,,,,,,,,
vphofhas3s0f0hmnv6q17bj2vb_20261008T013000Z,Cuales papiros a modificar de fabricaciones.,2026-10-07T21:30:00-04:00,2026-10-07T22:15:00-04:00,No,ENCARGADO DE FABRICACION,24,Otro,NONE,#a47ae2,Si,,,,,,,,,,
27ecrt0df70icsj7626mictnjt_20261008T021500Z,Modificar papiros en la pc,2026-10-07T22:15:00-04:00,2026-10-07T23:00:00-04:00,No,ENCARGADO DE FABRICACION,24,Otro,NONE,#a47ae2,Si,,,,,,,,,,
c1rfd8udnqtfr8a15pqc99hc9f_20261008T114500Z,PEDAZOS DE TUBOS  Y ORDENES EN EL PISO,2026-10-08T07:45:00-04:00,2026-10-08T08:15:00-04:00,No,ENCARGADO DE FABRICACION,24,Otro,NONE,#a47ae2,Si,,,,,,,,Revisar no se esten quedando tubos y pedazos debajo.Que no se lleven tubos que son de separadores para el basudero. / mesa guillotina limpia / no tubo ni pedazos medio a medio. / ORDENES EN EL MEDIO DEL CAMINO QUE DIFICULTA EL CAMINAR.,"Revisar no se esten quedando tubos y pedazos debajo.Que no se lleven tubos que son de separadores para el basudero.
mesa guillotina limpia
no tubo ni pedazos medio a medio.
ORDENES EN EL MEDIO DEL CAMINO QUE DIFICULTA EL CAMINAR.",
575ck05ok28gemo83n872pjrof_20261008T160000Z, -IMPRIMIR hoy reunir pulgadas de tubos perdidos,2026-10-08T12:00:00-04:00,2026-10-08T12:45:00-04:00,No,ENCARGADO DE FABRICACION,24,Otro,NONE,#a47ae2,Si,,,,,,,,,,
5e6i1ue015v2kmvuqipkir875h_20261008T173000Z,"TENER CALENDARIOS REVISAR MEDIDAS, DE ORDENES",2026-10-08T13:30:00-04:00,2026-10-08T15:00:00-04:00,No,ENCARGADO DE FABRICACION,24,Otro,NONE,#a47ae2,Si,,,,,,,,,,
44lod0noud7hqti6vm81v8tqmt_20261008T190000Z,IMPRIMIR-ANALIZAR FRENTES Y CARRETERES- EL DISEñO Y LAS PIEZAS ,2026-10-08T15:00:00-04:00,2026-10-08T15:45:00-04:00,No,ENCARGADO DE FABRICACION,24,Otro,NONE,#a47ae2,Si,,,,,,,,,,
4mci0naamtkbbp8gin1kv4gl7q_20261008T200000Z,IMPRIMIR-PEDIDO ACERO Y CONSUMIBLES EN ALEGRA,2026-10-08T16:00:00-04:00,2026-10-08T16:30:00-04:00,No,ENCARGADO DE FABRICACION,24,Otro,NONE,#a47ae2,Si,,,,,,,,,,
6dh62chhc9h3gbb46dj32b9kcph34bb1c4r3eb9l6gs32o9kc4q34dpi6k_20261008T223000Z,Poner colores de guías para doblar y cortar y números,2026-10-08T18:30:00-04:00,2026-10-08T19:15:00-04:00,No,ENCARGADO DE FABRICACION,24,Otro,NONE,#a47ae2,Si,,,,,,,,1- dar colores a troqueles dobladora / 2- colores a tubos que son iguales a troqueles / 3- remarcar número a muestrario de tubos y planchuela / 4- colores a tubos de muestrario,"1- dar colores a troqueles dobladora
2- colores a tubos que son iguales a troqueles
3- remarcar número a muestrario de tubos y planchuela
4- colores a tubos de muestrario",
5nb8mvdcfg6j3d4pffipt18d0h_20261008T234500Z,Limpieza arriba de mesas y al rededor,2026-10-08T19:45:00-04:00,2026-10-08T20:30:00-04:00,No,ENCARGADO DE FABRICACION,24,Otro,NONE,#a47ae2,Si,,,,,,,,,,
4hb8def5jk9c0fppan23o67k63_20261009T000000Z,Revision mensual del puesto 13,2026-10-08T20:00:00-04:00,2026-10-08T20:45:00-04:00,No,ENCARGADO DE FABRICACION,24,Otro,NONE,#a47ae2,Si,,,,,,,,llenar estos datos para puesto de doblador de ordenes todos los meses,llenar estos datos para puesto de doblador de ordenes todos los meses,
3qb3qn8jvrkvdpeffgfvgb826o_20261009T003000Z,Calendarios de avances del dia.,2026-10-08T20:30:00-04:00,2026-10-08T21:15:00-04:00,No,ENCARGADO DE FABRICACION,24,Otro,NONE,#a47ae2,Si,,,,,,,,,,
vphofhas3s0f0hmnv6q17bj2vb_20261009T013000Z,Cuales papiros a modificar de fabricaciones.,2026-10-08T21:30:00-04:00,2026-10-08T22:15:00-04:00,No,ENCARGADO DE FABRICACION,24,Otro,NONE,#a47ae2,Si,,,,,,,,,,
27ecrt0df70icsj7626mictnjt_20261009T021500Z,Modificar papiros en la pc,2026-10-08T22:15:00-04:00,2026-10-08T23:00:00-04:00,No,ENCARGADO DE FABRICACION,24,Otro,NONE,#a47ae2,Si,,,,,,,,,,
c1rfd8udnqtfr8a15pqc99hc9f_20261009T114500Z,PEDAZOS DE TUBOS  Y ORDENES EN EL PISO,2026-10-09T07:45:00-04:00,2026-10-09T08:15:00-04:00,No,ENCARGADO DE FABRICACION,24,Otro,NONE,#a47ae2,Si,,,,,,,,Revisar no se esten quedando tubos y pedazos debajo.Que no se lleven tubos que son de separadores para el basudero. / mesa guillotina limpia / no tubo ni pedazos medio a medio. / ORDENES EN EL MEDIO DEL CAMINO QUE DIFICULTA EL CAMINAR.,"Revisar no se esten quedando tubos y pedazos debajo.Que no se lleven tubos que son de separadores para el basudero.
mesa guillotina limpia
no tubo ni pedazos medio a medio.
ORDENES EN EL MEDIO DEL CAMINO QUE DIFICULTA EL CAMINAR.",
aths67orq9j2ttgcs2vgjbech5_20261009T140000Z,tapas y macheticos CANTIDADES MININAS,2026-10-09T10:00:00-04:00,2026-10-09T11:30:00-04:00,No,ENCARGADO DE FABRICACION,24,Otro,NONE,#a47ae2,Si,,,,,,,,"DEJARLE LISTA PUESTO 8 DE CARRETERES A FABRICAR. / CONFIRMAR ANTES DE PEDIR TOLA SI NO HAY, EN EL TAMARINDO / ENVIAR PEDIDO AL TAMARINDO DE CORTES DE TAPAS, CANTIDADES. / TA-1 HIJET TA-2 TOW ACE TA-3 KIA TA-4 NV200 TA-5 COASTER TA-6 APV","DEJARLE LISTA PUESTO 8 DE CARRETERES A FABRICAR.
CONFIRMAR ANTES DE PEDIR TOLA SI NO HAY, EN EL TAMARINDO
ENVIAR PEDIDO AL TAMARINDO DE CORTES DE TAPAS, CANTIDADES.
TA-1 HIJET TA-2 TOW ACE TA-3 KIA TA-4 NV200 TA-5 COASTER TA-6 APV",
575ck05ok28gemo83n872pjrof_20261009T160000Z, -IMPRIMIR hoy reunir pulgadas de tubos perdidos,2026-10-09T12:00:00-04:00,2026-10-09T12:45:00-04:00,No,ENCARGADO DE FABRICACION,24,Otro,NONE,#a47ae2,Si,,,,,,,,,,
1sibbnnqvpsbjdmae39p82gksv_20261009T170000Z,Ollos en tapas esten bien antes de armar carreter,2026-10-09T13:00:00-04:00,2026-10-09T13:30:00-04:00,No,ENCARGADO DE FABRICACION,24,Otro,NONE,#a47ae2,Si,,,,,,,,,,
5e6i1ue015v2kmvuqipkir875h_20261009T173000Z,"TENER CALENDARIOS REVISAR MEDIDAS, DE ORDENES",2026-10-09T13:30:00-04:00,2026-10-09T15:00:00-04:00,No,ENCARGADO DE FABRICACION,24,Otro,NONE,#a47ae2,Si,,,,,,,,,,
44lod0noud7hqti6vm81v8tqmt_20261009T190000Z,IMPRIMIR-ANALIZAR FRENTES Y CARRETERES- EL DISEñO Y LAS PIEZAS ,2026-10-09T15:00:00-04:00,2026-10-09T15:45:00-04:00,No,ENCARGADO DE FABRICACION,24,Otro,NONE,#a47ae2,Si,,,,,,,,,,
4mci0naamtkbbp8gin1kv4gl7q_20261009T200000Z,IMPRIMIR-PEDIDO ACERO Y CONSUMIBLES EN ALEGRA,2026-10-09T16:00:00-04:00,2026-10-09T16:30:00-04:00,No,ENCARGADO DE FABRICACION,24,Otro,NONE,#a47ae2,Si,,,,,,,,,,
5nb8mvdcfg6j3d4pffipt18d0h_20261009T234500Z,Limpieza arriba de mesas y al rededor,2026-10-09T19:45:00-04:00,2026-10-09T20:30:00-04:00,No,ENCARGADO DE FABRICACION,24,Otro,NONE,#a47ae2,Si,,,,,,,,,,
3qb3qn8jvrkvdpeffgfvgb826o_20261010T003000Z,Calendarios de avances del dia.,2026-10-09T20:30:00-04:00,2026-10-09T21:15:00-04:00,No,ENCARGADO DE FABRICACION,24,Otro,NONE,#a47ae2,Si,,,,,,,,,,
vphofhas3s0f0hmnv6q17bj2vb_20261010T013000Z,Cuales papiros a modificar de fabricaciones.,2026-10-09T21:30:00-04:00,2026-10-09T22:15:00-04:00,No,ENCARGADO DE FABRICACION,24,Otro,NONE,#a47ae2,Si,,,,,,,,,,
27ecrt0df70icsj7626mictnjt_20261010T021500Z,Modificar papiros en la pc,2026-10-09T22:15:00-04:00,2026-10-09T23:00:00-04:00,No,ENCARGADO DE FABRICACION,24,Otro,NONE,#a47ae2,Si,,,,,,,,,,
c1rfd8udnqtfr8a15pqc99hc9f_20261010T114500Z,PEDAZOS DE TUBOS  Y ORDENES EN EL PISO,2026-10-10T07:45:00-04:00,2026-10-10T08:15:00-04:00,No,ENCARGADO DE FABRICACION,24,Otro,NONE,#a47ae2,Si,,,,,,,,Revisar no se esten quedando tubos y pedazos debajo.Que no se lleven tubos que son de separadores para el basudero. / mesa guillotina limpia / no tubo ni pedazos medio a medio. / ORDENES EN EL MEDIO DEL CAMINO QUE DIFICULTA EL CAMINAR.,"Revisar no se esten quedando tubos y pedazos debajo.Que no se lleven tubos que son de separadores para el basudero.
mesa guillotina limpia
no tubo ni pedazos medio a medio.
ORDENES EN EL MEDIO DEL CAMINO QUE DIFICULTA EL CAMINAR.",
5e6i1ue015v2kmvuqipkir875h_20261010T173000Z,"TENER CALENDARIOS REVISAR MEDIDAS, DE ORDENES",2026-10-10T13:30:00-04:00,2026-10-10T15:00:00-04:00,No,ENCARGADO DE FABRICACION,24,Otro,NONE,#a47ae2,Si,,,,,,,,,,
c1rfd8udnqtfr8a15pqc99hc9f_20261012T114500Z,PEDAZOS DE TUBOS  Y ORDENES EN EL PISO,2026-10-12T07:45:00-04:00,2026-10-12T08:15:00-04:00,No,ENCARGADO DE FABRICACION,24,Otro,NONE,#a47ae2,Si,,,,,,,,Revisar no se esten quedando tubos y pedazos debajo.Que no se lleven tubos que son de separadores para el basudero. / mesa guillotina limpia / no tubo ni pedazos medio a medio. / ORDENES EN EL MEDIO DEL CAMINO QUE DIFICULTA EL CAMINAR.,"Revisar no se esten quedando tubos y pedazos debajo.Que no se lleven tubos que son de separadores para el basudero.
mesa guillotina limpia
no tubo ni pedazos medio a medio.
ORDENES EN EL MEDIO DEL CAMINO QUE DIFICULTA EL CAMINAR.",
aths67orq9j2ttgcs2vgjbech5_20261012T140000Z,tapas y macheticos CANTIDADES MININAS,2026-10-12T10:00:00-04:00,2026-10-12T11:30:00-04:00,No,ENCARGADO DE FABRICACION,24,Otro,NONE,#a47ae2,Si,,,,,,,,"DEJARLE LISTA PUESTO 8 DE CARRETERES A FABRICAR. / CONFIRMAR ANTES DE PEDIR TOLA SI NO HAY, EN EL TAMARINDO / ENVIAR PEDIDO AL TAMARINDO DE CORTES DE TAPAS, CANTIDADES. / TA-1 HIJET TA-2 TOW ACE TA-3 KIA TA-4 NV200 TA-5 COASTER TA-6 APV","DEJARLE LISTA PUESTO 8 DE CARRETERES A FABRICAR.
CONFIRMAR ANTES DE PEDIR TOLA SI NO HAY, EN EL TAMARINDO
ENVIAR PEDIDO AL TAMARINDO DE CORTES DE TAPAS, CANTIDADES.
TA-1 HIJET TA-2 TOW ACE TA-3 KIA TA-4 NV200 TA-5 COASTER TA-6 APV",
575ck05ok28gemo83n872pjrof_20261012T160000Z, -IMPRIMIR hoy reunir pulgadas de tubos perdidos,2026-10-12T12:00:00-04:00,2026-10-12T12:45:00-04:00,No,ENCARGADO DE FABRICACION,24,Otro,NONE,#a47ae2,Si,,,,,,,,,,
5e6i1ue015v2kmvuqipkir875h_20261012T173000Z,"TENER CALENDARIOS REVISAR MEDIDAS, DE ORDENES",2026-10-12T13:30:00-04:00,2026-10-12T15:00:00-04:00,No,ENCARGADO DE FABRICACION,24,Otro,NONE,#a47ae2,Si,,,,,,,,,,
44lod0noud7hqti6vm81v8tqmt_20261012T190000Z,IMPRIMIR-ANALIZAR FRENTES Y CARRETERES- EL DISEñO Y LAS PIEZAS ,2026-10-12T15:00:00-04:00,2026-10-12T15:45:00-04:00,No,ENCARGADO DE FABRICACION,24,Otro,NONE,#a47ae2,Si,,,,,,,,,,
4mci0naamtkbbp8gin1kv4gl7q_20261012T200000Z,IMPRIMIR-PEDIDO ACERO Y CONSUMIBLES EN ALEGRA,2026-10-12T16:00:00-04:00,2026-10-12T16:30:00-04:00,No,ENCARGADO DE FABRICACION,24,Otro,NONE,#a47ae2,Si,,,,,,,,,,
5nb8mvdcfg6j3d4pffipt18d0h_20261012T234500Z,Limpieza arriba de mesas y al rededor,2026-10-12T19:45:00-04:00,2026-10-12T20:30:00-04:00,No,ENCARGADO DE FABRICACION,24,Otro,NONE,#a47ae2,Si,,,,,,,,,,
4hb8def5jk9c0fppan23o67k63_20261013T000000Z,Revision mensual del puesto 13,2026-10-12T20:00:00-04:00,2026-10-12T20:45:00-04:00,No,ENCARGADO DE FABRICACION,24,Otro,NONE,#a47ae2,Si,,,,,,,,llenar estos datos para puesto de doblador de ordenes todos los meses,llenar estos datos para puesto de doblador de ordenes todos los meses,
3qb3qn8jvrkvdpeffgfvgb826o_20261013T003000Z,Calendarios de avances del dia.,2026-10-12T20:30:00-04:00,2026-10-12T21:15:00-04:00,No,ENCARGADO DE FABRICACION,24,Otro,NONE,#a47ae2,Si,,,,,,,,,,
vphofhas3s0f0hmnv6q17bj2vb_20261013T013000Z,Cuales papiros a modificar de fabricaciones.,2026-10-12T21:30:00-04:00,2026-10-12T22:15:00-04:00,No,ENCARGADO DE FABRICACION,24,Otro,NONE,#a47ae2,Si,,,,,,,,,,
27ecrt0df70icsj7626mictnjt_20261013T021500Z,Modificar papiros en la pc,2026-10-12T22:15:00-04:00,2026-10-12T23:00:00-04:00,No,ENCARGADO DE FABRICACION,24,Otro,NONE,#a47ae2,Si,,,,,,,,,,
c1rfd8udnqtfr8a15pqc99hc9f_20261013T114500Z,PEDAZOS DE TUBOS  Y ORDENES EN EL PISO,2026-10-13T07:45:00-04:00,2026-10-13T08:15:00-04:00,No,ENCARGADO DE FABRICACION,24,Otro,NONE,#a47ae2,Si,,,,,,,,Revisar no se esten quedando tubos y pedazos debajo.Que no se lleven tubos que son de separadores para el basudero. / mesa guillotina limpia / no tubo ni pedazos medio a medio. / ORDENES EN EL MEDIO DEL CAMINO QUE DIFICULTA EL CAMINAR.,"Revisar no se esten quedando tubos y pedazos debajo.Que no se lleven tubos que son de separadores para el basudero.
mesa guillotina limpia
no tubo ni pedazos medio a medio.
ORDENES EN EL MEDIO DEL CAMINO QUE DIFICULTA EL CAMINAR.",
575ck05ok28gemo83n872pjrof_20261013T160000Z, -IMPRIMIR hoy reunir pulgadas de tubos perdidos,2026-10-13T12:00:00-04:00,2026-10-13T12:45:00-04:00,No,ENCARGADO DE FABRICACION,24,Otro,NONE,#a47ae2,Si,,,,,,,,,,
1sibbnnqvpsbjdmae39p82gksv_20261013T170000Z,Ollos en tapas esten bien antes de armar carreter,2026-10-13T13:00:00-04:00,2026-10-13T13:30:00-04:00,No,ENCARGADO DE FABRICACION,24,Otro,NONE,#a47ae2,Si,,,,,,,,,,
5e6i1ue015v2kmvuqipkir875h_20261013T173000Z,"TENER CALENDARIOS REVISAR MEDIDAS, DE ORDENES",2026-10-13T13:30:00-04:00,2026-10-13T15:00:00-04:00,No,ENCARGADO DE FABRICACION,24,Otro,NONE,#a47ae2,Si,,,,,,,,,,
0hf2hucf448kd4vro5793gqfaq_20261013T180000Z,REVISION DE MESAS Y CAJAS LIMPIAS Y ORGANIDAS,2026-10-13T14:00:00-04:00,2026-10-13T14:45:00-04:00,No,ENCARGADO DE FABRICACION,24,Otro,NONE,#a47ae2,Si,,,,,,,,,,
44lod0noud7hqti6vm81v8tqmt_20261013T190000Z,IMPRIMIR-ANALIZAR FRENTES Y CARRETERES- EL DISEñO Y LAS PIEZAS ,2026-10-13T15:00:00-04:00,2026-10-13T15:45:00-04:00,No,ENCARGADO DE FABRICACION,24,Otro,NONE,#a47ae2,Si,,,,,,,,,,
4mci0naamtkbbp8gin1kv4gl7q_20261013T200000Z,IMPRIMIR-PEDIDO ACERO Y CONSUMIBLES EN ALEGRA,2026-10-13T16:00:00-04:00,2026-10-13T16:30:00-04:00,No,ENCARGADO DE FABRICACION,24,Otro,NONE,#a47ae2,Si,,,,,,,,,,
5nb8mvdcfg6j3d4pffipt18d0h_20261013T234500Z,Limpieza arriba de mesas y al rededor,2026-10-13T19:45:00-04:00,2026-10-13T20:30:00-04:00,No,ENCARGADO DE FABRICACION,24,Otro,NONE,#a47ae2,Si,,,,,,,,,,
3qb3qn8jvrkvdpeffgfvgb826o_20261014T003000Z,Calendarios de avances del dia.,2026-10-13T20:30:00-04:00,2026-10-13T21:15:00-04:00,No,ENCARGADO DE FABRICACION,24,Otro,NONE,#a47ae2,Si,,,,,,,,,,
vphofhas3s0f0hmnv6q17bj2vb_20261014T013000Z,Cuales papiros a modificar de fabricaciones.,2026-10-13T21:30:00-04:00,2026-10-13T22:15:00-04:00,No,ENCARGADO DE FABRICACION,24,Otro,NONE,#a47ae2,Si,,,,,,,,,,
27ecrt0df70icsj7626mictnjt_20261014T021500Z,Modificar papiros en la pc,2026-10-13T22:15:00-04:00,2026-10-13T23:00:00-04:00,No,ENCARGADO DE FABRICACION,24,Otro,NONE,#a47ae2,Si,,,,,,,,,,
c1rfd8udnqtfr8a15pqc99hc9f_20261014T114500Z,PEDAZOS DE TUBOS  Y ORDENES EN EL PISO,2026-10-14T07:45:00-04:00,2026-10-14T08:15:00-04:00,No,ENCARGADO DE FABRICACION,24,Otro,NONE,#a47ae2,Si,,,,,,,,Revisar no se esten quedando tubos y pedazos debajo.Que no se lleven tubos que son de separadores para el basudero. / mesa guillotina limpia / no tubo ni pedazos medio a medio. / ORDENES EN EL MEDIO DEL CAMINO QUE DIFICULTA EL CAMINAR.,"Revisar no se esten quedando tubos y pedazos debajo.Que no se lleven tubos que son de separadores para el basudero.
mesa guillotina limpia
no tubo ni pedazos medio a medio.
ORDENES EN EL MEDIO DEL CAMINO QUE DIFICULTA EL CAMINAR.",
aths67orq9j2ttgcs2vgjbech5_20261014T140000Z,tapas y macheticos CANTIDADES MININAS,2026-10-14T10:00:00-04:00,2026-10-14T11:30:00-04:00,No,ENCARGADO DE FABRICACION,24,Otro,NONE,#a47ae2,Si,,,,,,,,"DEJARLE LISTA PUESTO 8 DE CARRETERES A FABRICAR. / CONFIRMAR ANTES DE PEDIR TOLA SI NO HAY, EN EL TAMARINDO / ENVIAR PEDIDO AL TAMARINDO DE CORTES DE TAPAS, CANTIDADES. / TA-1 HIJET TA-2 TOW ACE TA-3 KIA TA-4 NV200 TA-5 COASTER TA-6 APV","DEJARLE LISTA PUESTO 8 DE CARRETERES A FABRICAR.
CONFIRMAR ANTES DE PEDIR TOLA SI NO HAY, EN EL TAMARINDO
ENVIAR PEDIDO AL TAMARINDO DE CORTES DE TAPAS, CANTIDADES.
TA-1 HIJET TA-2 TOW ACE TA-3 KIA TA-4 NV200 TA-5 COASTER TA-6 APV",
575ck05ok28gemo83n872pjrof_20261014T160000Z, -IMPRIMIR hoy reunir pulgadas de tubos perdidos,2026-10-14T12:00:00-04:00,2026-10-14T12:45:00-04:00,No,ENCARGADO DE FABRICACION,24,Otro,NONE,#a47ae2,Si,,,,,,,,,,
5e6i1ue015v2kmvuqipkir875h_20261014T173000Z,"TENER CALENDARIOS REVISAR MEDIDAS, DE ORDENES",2026-10-14T13:30:00-04:00,2026-10-14T15:00:00-04:00,No,ENCARGADO DE FABRICACION,24,Otro,NONE,#a47ae2,Si,,,,,,,,,,
44lod0noud7hqti6vm81v8tqmt_20261014T190000Z,IMPRIMIR-ANALIZAR FRENTES Y CARRETERES- EL DISEñO Y LAS PIEZAS ,2026-10-14T15:00:00-04:00,2026-10-14T15:45:00-04:00,No,ENCARGADO DE FABRICACION,24,Otro,NONE,#a47ae2,Si,,,,,,,,,,
4mci0naamtkbbp8gin1kv4gl7q_20261014T200000Z,IMPRIMIR-PEDIDO ACERO Y CONSUMIBLES EN ALEGRA,2026-10-14T16:00:00-04:00,2026-10-14T16:30:00-04:00,No,ENCARGADO DE FABRICACION,24,Otro,NONE,#a47ae2,Si,,,,,,,,,,
5nb8mvdcfg6j3d4pffipt18d0h_20261014T234500Z,Limpieza arriba de mesas y al rededor,2026-10-14T19:45:00-04:00,2026-10-14T20:30:00-04:00,No,ENCARGADO DE FABRICACION,24,Otro,NONE,#a47ae2,Si,,,,,,,,,,
3qb3qn8jvrkvdpeffgfvgb826o_20261015T003000Z,Calendarios de avances del dia.,2026-10-14T20:30:00-04:00,2026-10-14T21:15:00-04:00,No,ENCARGADO DE FABRICACION,24,Otro,NONE,#a47ae2,Si,,,,,,,,,,
vphofhas3s0f0hmnv6q17bj2vb_20261015T013000Z,Cuales papiros a modificar de fabricaciones.,2026-10-14T21:30:00-04:00,2026-10-14T22:15:00-04:00,No,ENCARGADO DE FABRICACION,24,Otro,NONE,#a47ae2,Si,,,,,,,,,,
27ecrt0df70icsj7626mictnjt_20261015T021500Z,Modificar papiros en la pc,2026-10-14T22:15:00-04:00,2026-10-14T23:00:00-04:00,No,ENCARGADO DE FABRICACION,24,Otro,NONE,#a47ae2,Si,,,,,,,,,,
c1rfd8udnqtfr8a15pqc99hc9f_20261015T114500Z,PEDAZOS DE TUBOS  Y ORDENES EN EL PISO,2026-10-15T07:45:00-04:00,2026-10-15T08:15:00-04:00,No,ENCARGADO DE FABRICACION,24,Otro,NONE,#a47ae2,Si,,,,,,,,Revisar no se esten quedando tubos y pedazos debajo.Que no se lleven tubos que son de separadores para el basudero. / mesa guillotina limpia / no tubo ni pedazos medio a medio. / ORDENES EN EL MEDIO DEL CAMINO QUE DIFICULTA EL CAMINAR.,"Revisar no se esten quedando tubos y pedazos debajo.Que no se lleven tubos que son de separadores para el basudero.
mesa guillotina limpia
no tubo ni pedazos medio a medio.
ORDENES EN EL MEDIO DEL CAMINO QUE DIFICULTA EL CAMINAR.",
575ck05ok28gemo83n872pjrof_20261015T160000Z, -IMPRIMIR hoy reunir pulgadas de tubos perdidos,2026-10-15T12:00:00-04:00,2026-10-15T12:45:00-04:00,No,ENCARGADO DE FABRICACION,24,Otro,NONE,#a47ae2,Si,,,,,,,,,,
5e6i1ue015v2kmvuqipkir875h_20261015T173000Z,"TENER CALENDARIOS REVISAR MEDIDAS, DE ORDENES",2026-10-15T13:30:00-04:00,2026-10-15T15:00:00-04:00,No,ENCARGADO DE FABRICACION,24,Otro,NONE,#a47ae2,Si,,,,,,,,,,
44lod0noud7hqti6vm81v8tqmt_20261015T190000Z,IMPRIMIR-ANALIZAR FRENTES Y CARRETERES- EL DISEñO Y LAS PIEZAS ,2026-10-15T15:00:00-04:00,2026-10-15T15:45:00-04:00,No,ENCARGADO DE FABRICACION,24,Otro,NONE,#a47ae2,Si,,,,,,,,,,
4mci0naamtkbbp8gin1kv4gl7q_20261015T200000Z,IMPRIMIR-PEDIDO ACERO Y CONSUMIBLES EN ALEGRA,2026-10-15T16:00:00-04:00,2026-10-15T16:30:00-04:00,No,ENCARGADO DE FABRICACION,24,Otro,NONE,#a47ae2,Si,,,,,,,,,,
5nb8mvdcfg6j3d4pffipt18d0h_20261015T234500Z,Limpieza arriba de mesas y al rededor,2026-10-15T19:45:00-04:00,2026-10-15T20:30:00-04:00,No,ENCARGADO DE FABRICACION,24,Otro,NONE,#a47ae2,Si,,,,,,,,,,
4hb8def5jk9c0fppan23o67k63_20261016T000000Z,Revision mensual del puesto 13,2026-10-15T20:00:00-04:00,2026-10-15T20:45:00-04:00,No,ENCARGADO DE FABRICACION,24,Otro,NONE,#a47ae2,Si,,,,,,,,llenar estos datos para puesto de doblador de ordenes todos los meses,llenar estos datos para puesto de doblador de ordenes todos los meses,
3qb3qn8jvrkvdpeffgfvgb826o_20261016T003000Z,Calendarios de avances del dia.,2026-10-15T20:30:00-04:00,2026-10-15T21:15:00-04:00,No,ENCARGADO DE FABRICACION,24,Otro,NONE,#a47ae2,Si,,,,,,,,,,
vphofhas3s0f0hmnv6q17bj2vb_20261016T013000Z,Cuales papiros a modificar de fabricaciones.,2026-10-15T21:30:00-04:00,2026-10-15T22:15:00-04:00,No,ENCARGADO DE FABRICACION,24,Otro,NONE,#a47ae2,Si,,,,,,,,,,
27ecrt0df70icsj7626mictnjt_20261016T021500Z,Modificar papiros en la pc,2026-10-15T22:15:00-04:00,2026-10-15T23:00:00-04:00,No,ENCARGADO DE FABRICACION,24,Otro,NONE,#a47ae2,Si,,,,,,,,,,
c1rfd8udnqtfr8a15pqc99hc9f_20261016T114500Z,PEDAZOS DE TUBOS  Y ORDENES EN EL PISO,2026-10-16T07:45:00-04:00,2026-10-16T08:15:00-04:00,No,ENCARGADO DE FABRICACION,24,Otro,NONE,#a47ae2,Si,,,,,,,,Revisar no se esten quedando tubos y pedazos debajo.Que no se lleven tubos que son de separadores para el basudero. / mesa guillotina limpia / no tubo ni pedazos medio a medio. / ORDENES EN EL MEDIO DEL CAMINO QUE DIFICULTA EL CAMINAR.,"Revisar no se esten quedando tubos y pedazos debajo.Que no se lleven tubos que son de separadores para el basudero.
mesa guillotina limpia
no tubo ni pedazos medio a medio.
ORDENES EN EL MEDIO DEL CAMINO QUE DIFICULTA EL CAMINAR.",
aths67orq9j2ttgcs2vgjbech5_20261016T140000Z,tapas y macheticos CANTIDADES MININAS,2026-10-16T10:00:00-04:00,2026-10-16T11:30:00-04:00,No,ENCARGADO DE FABRICACION,24,Otro,NONE,#a47ae2,Si,,,,,,,,"DEJARLE LISTA PUESTO 8 DE CARRETERES A FABRICAR. / CONFIRMAR ANTES DE PEDIR TOLA SI NO HAY, EN EL TAMARINDO / ENVIAR PEDIDO AL TAMARINDO DE CORTES DE TAPAS, CANTIDADES. / TA-1 HIJET TA-2 TOW ACE TA-3 KIA TA-4 NV200 TA-5 COASTER TA-6 APV","DEJARLE LISTA PUESTO 8 DE CARRETERES A FABRICAR.
CONFIRMAR ANTES DE PEDIR TOLA SI NO HAY, EN EL TAMARINDO
ENVIAR PEDIDO AL TAMARINDO DE CORTES DE TAPAS, CANTIDADES.
TA-1 HIJET TA-2 TOW ACE TA-3 KIA TA-4 NV200 TA-5 COASTER TA-6 APV",
575ck05ok28gemo83n872pjrof_20261016T160000Z, -IMPRIMIR hoy reunir pulgadas de tubos perdidos,2026-10-16T12:00:00-04:00,2026-10-16T12:45:00-04:00,No,ENCARGADO DE FABRICACION,24,Otro,NONE,#a47ae2,Si,,,,,,,,,,
1sibbnnqvpsbjdmae39p82gksv_20261016T170000Z,Ollos en tapas esten bien antes de armar carreter,2026-10-16T13:00:00-04:00,2026-10-16T13:30:00-04:00,No,ENCARGADO DE FABRICACION,24,Otro,NONE,#a47ae2,Si,,,,,,,,,,
5e6i1ue015v2kmvuqipkir875h_20261016T173000Z,"TENER CALENDARIOS REVISAR MEDIDAS, DE ORDENES",2026-10-16T13:30:00-04:00,2026-10-16T15:00:00-04:00,No,ENCARGADO DE FABRICACION,24,Otro,NONE,#a47ae2,Si,,,,,,,,,,
44lod0noud7hqti6vm81v8tqmt_20261016T190000Z,IMPRIMIR-ANALIZAR FRENTES Y CARRETERES- EL DISEñO Y LAS PIEZAS ,2026-10-16T15:00:00-04:00,2026-10-16T15:45:00-04:00,No,ENCARGADO DE FABRICACION,24,Otro,NONE,#a47ae2,Si,,,,,,,,,,
4mci0naamtkbbp8gin1kv4gl7q_20261016T200000Z,IMPRIMIR-PEDIDO ACERO Y CONSUMIBLES EN ALEGRA,2026-10-16T16:00:00-04:00,2026-10-16T16:30:00-04:00,No,ENCARGADO DE FABRICACION,24,Otro,NONE,#a47ae2,Si,,,,,,,,,,
5nb8mvdcfg6j3d4pffipt18d0h_20261016T234500Z,Limpieza arriba de mesas y al rededor,2026-10-16T19:45:00-04:00,2026-10-16T20:30:00-04:00,No,ENCARGADO DE FABRICACION,24,Otro,NONE,#a47ae2,Si,,,,,,,,,,
3qb3qn8jvrkvdpeffgfvgb826o_20261017T003000Z,Calendarios de avances del dia.,2026-10-16T20:30:00-04:00,2026-10-16T21:15:00-04:00,No,ENCARGADO DE FABRICACION,24,Otro,NONE,#a47ae2,Si,,,,,,,,,,
vphofhas3s0f0hmnv6q17bj2vb_20261017T013000Z,Cuales papiros a modificar de fabricaciones.,2026-10-16T21:30:00-04:00,2026-10-16T22:15:00-04:00,No,ENCARGADO DE FABRICACION,24,Otro,NONE,#a47ae2,Si,,,,,,,,,,
27ecrt0df70icsj7626mictnjt_20261017T021500Z,Modificar papiros en la pc,2026-10-16T22:15:00-04:00,2026-10-16T23:00:00-04:00,No,ENCARGADO DE FABRICACION,24,Otro,NONE,#a47ae2,Si,,,,,,,,,,
c1rfd8udnqtfr8a15pqc99hc9f_20261017T114500Z,PEDAZOS DE TUBOS  Y ORDENES EN EL PISO,2026-10-17T07:45:00-04:00,2026-10-17T08:15:00-04:00,No,ENCARGADO DE FABRICACION,24,Otro,NONE,#a47ae2,Si,,,,,,,,Revisar no se esten quedando tubos y pedazos debajo.Que no se lleven tubos que son de separadores para el basudero. / mesa guillotina limpia / no tubo ni pedazos medio a medio. / ORDENES EN EL MEDIO DEL CAMINO QUE DIFICULTA EL CAMINAR.,"Revisar no se esten quedando tubos y pedazos debajo.Que no se lleven tubos que son de separadores para el basudero.
mesa guillotina limpia
no tubo ni pedazos medio a medio.
ORDENES EN EL MEDIO DEL CAMINO QUE DIFICULTA EL CAMINAR.",
5e6i1ue015v2kmvuqipkir875h_20261017T173000Z,"TENER CALENDARIOS REVISAR MEDIDAS, DE ORDENES",2026-10-17T13:30:00-04:00,2026-10-17T15:00:00-04:00,No,ENCARGADO DE FABRICACION,24,Otro,NONE,#a47ae2,Si,,,,,,,,,,
c1rfd8udnqtfr8a15pqc99hc9f_20261019T114500Z,PEDAZOS DE TUBOS  Y ORDENES EN EL PISO,2026-10-19T07:45:00-04:00,2026-10-19T08:15:00-04:00,No,ENCARGADO DE FABRICACION,24,Otro,NONE,#a47ae2,Si,,,,,,,,Revisar no se esten quedando tubos y pedazos debajo.Que no se lleven tubos que son de separadores para el basudero. / mesa guillotina limpia / no tubo ni pedazos medio a medio. / ORDENES EN EL MEDIO DEL CAMINO QUE DIFICULTA EL CAMINAR.,"Revisar no se esten quedando tubos y pedazos debajo.Que no se lleven tubos que son de separadores para el basudero.
mesa guillotina limpia
no tubo ni pedazos medio a medio.
ORDENES EN EL MEDIO DEL CAMINO QUE DIFICULTA EL CAMINAR.",
aths67orq9j2ttgcs2vgjbech5_20261019T140000Z,tapas y macheticos CANTIDADES MININAS,2026-10-19T10:00:00-04:00,2026-10-19T11:30:00-04:00,No,ENCARGADO DE FABRICACION,24,Otro,NONE,#a47ae2,Si,,,,,,,,"DEJARLE LISTA PUESTO 8 DE CARRETERES A FABRICAR. / CONFIRMAR ANTES DE PEDIR TOLA SI NO HAY, EN EL TAMARINDO / ENVIAR PEDIDO AL TAMARINDO DE CORTES DE TAPAS, CANTIDADES. / TA-1 HIJET TA-2 TOW ACE TA-3 KIA TA-4 NV200 TA-5 COASTER TA-6 APV","DEJARLE LISTA PUESTO 8 DE CARRETERES A FABRICAR.
CONFIRMAR ANTES DE PEDIR TOLA SI NO HAY, EN EL TAMARINDO
ENVIAR PEDIDO AL TAMARINDO DE CORTES DE TAPAS, CANTIDADES.
TA-1 HIJET TA-2 TOW ACE TA-3 KIA TA-4 NV200 TA-5 COASTER TA-6 APV",
575ck05ok28gemo83n872pjrof_20261019T160000Z, -IMPRIMIR hoy reunir pulgadas de tubos perdidos,2026-10-19T12:00:00-04:00,2026-10-19T12:45:00-04:00,No,ENCARGADO DE FABRICACION,24,Otro,NONE,#a47ae2,Si,,,,,,,,,,
5e6i1ue015v2kmvuqipkir875h_20261019T173000Z,"TENER CALENDARIOS REVISAR MEDIDAS, DE ORDENES",2026-10-19T13:30:00-04:00,2026-10-19T15:00:00-04:00,No,ENCARGADO DE FABRICACION,24,Otro,NONE,#a47ae2,Si,,,,,,,,,,
44lod0noud7hqti6vm81v8tqmt_20261019T190000Z,IMPRIMIR-ANALIZAR FRENTES Y CARRETERES- EL DISEñO Y LAS PIEZAS ,2026-10-19T15:00:00-04:00,2026-10-19T15:45:00-04:00,No,ENCARGADO DE FABRICACION,24,Otro,NONE,#a47ae2,Si,,,,,,,,,,
4mci0naamtkbbp8gin1kv4gl7q_20261019T200000Z,IMPRIMIR-PEDIDO ACERO Y CONSUMIBLES EN ALEGRA,2026-10-19T16:00:00-04:00,2026-10-19T16:30:00-04:00,No,ENCARGADO DE FABRICACION,24,Otro,NONE,#a47ae2,Si,,,,,,,,,,
5nb8mvdcfg6j3d4pffipt18d0h_20261019T234500Z,Limpieza arriba de mesas y al rededor,2026-10-19T19:45:00-04:00,2026-10-19T20:30:00-04:00,No,ENCARGADO DE FABRICACION,24,Otro,NONE,#a47ae2,Si,,,,,,,,,,
4hb8def5jk9c0fppan23o67k63_20261020T000000Z,Revision mensual del puesto 13,2026-10-19T20:00:00-04:00,2026-10-19T20:45:00-04:00,No,ENCARGADO DE FABRICACION,24,Otro,NONE,#a47ae2,Si,,,,,,,,llenar estos datos para puesto de doblador de ordenes todos los meses,llenar estos datos para puesto de doblador de ordenes todos los meses,
3qb3qn8jvrkvdpeffgfvgb826o_20261020T003000Z,Calendarios de avances del dia.,2026-10-19T20:30:00-04:00,2026-10-19T21:15:00-04:00,No,ENCARGADO DE FABRICACION,24,Otro,NONE,#a47ae2,Si,,,,,,,,,,
vphofhas3s0f0hmnv6q17bj2vb_20261020T013000Z,Cuales papiros a modificar de fabricaciones.,2026-10-19T21:30:00-04:00,2026-10-19T22:15:00-04:00,No,ENCARGADO DE FABRICACION,24,Otro,NONE,#a47ae2,Si,,,,,,,,,,
27ecrt0df70icsj7626mictnjt_20261020T021500Z,Modificar papiros en la pc,2026-10-19T22:15:00-04:00,2026-10-19T23:00:00-04:00,No,ENCARGADO DE FABRICACION,24,Otro,NONE,#a47ae2,Si,,,,,,,,,,
c1rfd8udnqtfr8a15pqc99hc9f_20261020T114500Z,PEDAZOS DE TUBOS  Y ORDENES EN EL PISO,2026-10-20T07:45:00-04:00,2026-10-20T08:15:00-04:00,No,ENCARGADO DE FABRICACION,24,Otro,NONE,#a47ae2,Si,,,,,,,,Revisar no se esten quedando tubos y pedazos debajo.Que no se lleven tubos que son de separadores para el basudero. / mesa guillotina limpia / no tubo ni pedazos medio a medio. / ORDENES EN EL MEDIO DEL CAMINO QUE DIFICULTA EL CAMINAR.,"Revisar no se esten quedando tubos y pedazos debajo.Que no se lleven tubos que son de separadores para el basudero.
mesa guillotina limpia
no tubo ni pedazos medio a medio.
ORDENES EN EL MEDIO DEL CAMINO QUE DIFICULTA EL CAMINAR.",
575ck05ok28gemo83n872pjrof_20261020T160000Z, -IMPRIMIR hoy reunir pulgadas de tubos perdidos,2026-10-20T12:00:00-04:00,2026-10-20T12:45:00-04:00,No,ENCARGADO DE FABRICACION,24,Otro,NONE,#a47ae2,Si,,,,,,,,,,
1sibbnnqvpsbjdmae39p82gksv_20261020T170000Z,Ollos en tapas esten bien antes de armar carreter,2026-10-20T13:00:00-04:00,2026-10-20T13:30:00-04:00,No,ENCARGADO DE FABRICACION,24,Otro,NONE,#a47ae2,Si,,,,,,,,,,
5e6i1ue015v2kmvuqipkir875h_20261020T173000Z,"TENER CALENDARIOS REVISAR MEDIDAS, DE ORDENES",2026-10-20T13:30:00-04:00,2026-10-20T15:00:00-04:00,No,ENCARGADO DE FABRICACION,24,Otro,NONE,#a47ae2,Si,,,,,,,,,,
0hf2hucf448kd4vro5793gqfaq_20261020T180000Z,REVISION DE MESAS Y CAJAS LIMPIAS Y ORGANIDAS,2026-10-20T14:00:00-04:00,2026-10-20T14:45:00-04:00,No,ENCARGADO DE FABRICACION,24,Otro,NONE,#a47ae2,Si,,,,,,,,,,
44lod0noud7hqti6vm81v8tqmt_20261020T190000Z,IMPRIMIR-ANALIZAR FRENTES Y CARRETERES- EL DISEñO Y LAS PIEZAS ,2026-10-20T15:00:00-04:00,2026-10-20T15:45:00-04:00,No,ENCARGADO DE FABRICACION,24,Otro,NONE,#a47ae2,Si,,,,,,,,,,
4mci0naamtkbbp8gin1kv4gl7q_20261020T200000Z,IMPRIMIR-PEDIDO ACERO Y CONSUMIBLES EN ALEGRA,2026-10-20T16:00:00-04:00,2026-10-20T16:30:00-04:00,No,ENCARGADO DE FABRICACION,24,Otro,NONE,#a47ae2,Si,,,,,,,,,,
5nb8mvdcfg6j3d4pffipt18d0h_20261020T234500Z,Limpieza arriba de mesas y al rededor,2026-10-20T19:45:00-04:00,2026-10-20T20:30:00-04:00,No,ENCARGADO DE FABRICACION,24,Otro,NONE,#a47ae2,Si,,,,,,,,,,
3qb3qn8jvrkvdpeffgfvgb826o_20261021T003000Z,Calendarios de avances del dia.,2026-10-20T20:30:00-04:00,2026-10-20T21:15:00-04:00,No,ENCARGADO DE FABRICACION,24,Otro,NONE,#a47ae2,Si,,,,,,,,,,
vphofhas3s0f0hmnv6q17bj2vb_20261021T013000Z,Cuales papiros a modificar de fabricaciones.,2026-10-20T21:30:00-04:00,2026-10-20T22:15:00-04:00,No,ENCARGADO DE FABRICACION,24,Otro,NONE,#a47ae2,Si,,,,,,,,,,
27ecrt0df70icsj7626mictnjt_20261021T021500Z,Modificar papiros en la pc,2026-10-20T22:15:00-04:00,2026-10-20T23:00:00-04:00,No,ENCARGADO DE FABRICACION,24,Otro,NONE,#a47ae2,Si,,,,,,,,,,
c1rfd8udnqtfr8a15pqc99hc9f_20261021T114500Z,PEDAZOS DE TUBOS  Y ORDENES EN EL PISO,2026-10-21T07:45:00-04:00,2026-10-21T08:15:00-04:00,No,ENCARGADO DE FABRICACION,24,Otro,NONE,#a47ae2,Si,,,,,,,,Revisar no se esten quedando tubos y pedazos debajo.Que no se lleven tubos que son de separadores para el basudero. / mesa guillotina limpia / no tubo ni pedazos medio a medio. / ORDENES EN EL MEDIO DEL CAMINO QUE DIFICULTA EL CAMINAR.,"Revisar no se esten quedando tubos y pedazos debajo.Que no se lleven tubos que son de separadores para el basudero.
mesa guillotina limpia
no tubo ni pedazos medio a medio.
ORDENES EN EL MEDIO DEL CAMINO QUE DIFICULTA EL CAMINAR.",
aths67orq9j2ttgcs2vgjbech5_20261021T140000Z,tapas y macheticos CANTIDADES MININAS,2026-10-21T10:00:00-04:00,2026-10-21T11:30:00-04:00,No,ENCARGADO DE FABRICACION,24,Otro,NONE,#a47ae2,Si,,,,,,,,"DEJARLE LISTA PUESTO 8 DE CARRETERES A FABRICAR. / CONFIRMAR ANTES DE PEDIR TOLA SI NO HAY, EN EL TAMARINDO / ENVIAR PEDIDO AL TAMARINDO DE CORTES DE TAPAS, CANTIDADES. / TA-1 HIJET TA-2 TOW ACE TA-3 KIA TA-4 NV200 TA-5 COASTER TA-6 APV","DEJARLE LISTA PUESTO 8 DE CARRETERES A FABRICAR.
CONFIRMAR ANTES DE PEDIR TOLA SI NO HAY, EN EL TAMARINDO
ENVIAR PEDIDO AL TAMARINDO DE CORTES DE TAPAS, CANTIDADES.
TA-1 HIJET TA-2 TOW ACE TA-3 KIA TA-4 NV200 TA-5 COASTER TA-6 APV",
575ck05ok28gemo83n872pjrof_20261021T160000Z, -IMPRIMIR hoy reunir pulgadas de tubos perdidos,2026-10-21T12:00:00-04:00,2026-10-21T12:45:00-04:00,No,ENCARGADO DE FABRICACION,24,Otro,NONE,#a47ae2,Si,,,,,,,,,,
5e6i1ue015v2kmvuqipkir875h_20261021T173000Z,"TENER CALENDARIOS REVISAR MEDIDAS, DE ORDENES",2026-10-21T13:30:00-04:00,2026-10-21T15:00:00-04:00,No,ENCARGADO DE FABRICACION,24,Otro,NONE,#a47ae2,Si,,,,,,,,,,
44lod0noud7hqti6vm81v8tqmt_20261021T190000Z,IMPRIMIR-ANALIZAR FRENTES Y CARRETERES- EL DISEñO Y LAS PIEZAS ,2026-10-21T15:00:00-04:00,2026-10-21T15:45:00-04:00,No,ENCARGADO DE FABRICACION,24,Otro,NONE,#a47ae2,Si,,,,,,,,,,
4mci0naamtkbbp8gin1kv4gl7q_20261021T200000Z,IMPRIMIR-PEDIDO ACERO Y CONSUMIBLES EN ALEGRA,2026-10-21T16:00:00-04:00,2026-10-21T16:30:00-04:00,No,ENCARGADO DE FABRICACION,24,Otro,NONE,#a47ae2,Si,,,,,,,,,,
5nb8mvdcfg6j3d4pffipt18d0h_20261021T234500Z,Limpieza arriba de mesas y al rededor,2026-10-21T19:45:00-04:00,2026-10-21T20:30:00-04:00,No,ENCARGADO DE FABRICACION,24,Otro,NONE,#a47ae2,Si,,,,,,,,,,
3qb3qn8jvrkvdpeffgfvgb826o_20261022T003000Z,Calendarios de avances del dia.,2026-10-21T20:30:00-04:00,2026-10-21T21:15:00-04:00,No,ENCARGADO DE FABRICACION,24,Otro,NONE,#a47ae2,Si,,,,,,,,,,
vphofhas3s0f0hmnv6q17bj2vb_20261022T013000Z,Cuales papiros a modificar de fabricaciones.,2026-10-21T21:30:00-04:00,2026-10-21T22:15:00-04:00,No,ENCARGADO DE FABRICACION,24,Otro,NONE,#a47ae2,Si,,,,,,,,,,
27ecrt0df70icsj7626mictnjt_20261022T021500Z,Modificar papiros en la pc,2026-10-21T22:15:00-04:00,2026-10-21T23:00:00-04:00,No,ENCARGADO DE FABRICACION,24,Otro,NONE,#a47ae2,Si,,,,,,,,,,
c1rfd8udnqtfr8a15pqc99hc9f_20261022T114500Z,PEDAZOS DE TUBOS  Y ORDENES EN EL PISO,2026-10-22T07:45:00-04:00,2026-10-22T08:15:00-04:00,No,ENCARGADO DE FABRICACION,24,Otro,NONE,#a47ae2,Si,,,,,,,,Revisar no se esten quedando tubos y pedazos debajo.Que no se lleven tubos que son de separadores para el basudero. / mesa guillotina limpia / no tubo ni pedazos medio a medio. / ORDENES EN EL MEDIO DEL CAMINO QUE DIFICULTA EL CAMINAR.,"Revisar no se esten quedando tubos y pedazos debajo.Que no se lleven tubos que son de separadores para el basudero.
mesa guillotina limpia
no tubo ni pedazos medio a medio.
ORDENES EN EL MEDIO DEL CAMINO QUE DIFICULTA EL CAMINAR.",
575ck05ok28gemo83n872pjrof_20261022T160000Z, -IMPRIMIR hoy reunir pulgadas de tubos perdidos,2026-10-22T12:00:00-04:00,2026-10-22T12:45:00-04:00,No,ENCARGADO DE FABRICACION,24,Otro,NONE,#a47ae2,Si,,,,,,,,,,
5e6i1ue015v2kmvuqipkir875h_20261022T173000Z,"TENER CALENDARIOS REVISAR MEDIDAS, DE ORDENES",2026-10-22T13:30:00-04:00,2026-10-22T15:00:00-04:00,No,ENCARGADO DE FABRICACION,24,Otro,NONE,#a47ae2,Si,,,,,,,,,,
44lod0noud7hqti6vm81v8tqmt_20261022T190000Z,IMPRIMIR-ANALIZAR FRENTES Y CARRETERES- EL DISEñO Y LAS PIEZAS ,2026-10-22T15:00:00-04:00,2026-10-22T15:45:00-04:00,No,ENCARGADO DE FABRICACION,24,Otro,NONE,#a47ae2,Si,,,,,,,,,,
4mci0naamtkbbp8gin1kv4gl7q_20261022T200000Z,IMPRIMIR-PEDIDO ACERO Y CONSUMIBLES EN ALEGRA,2026-10-22T16:00:00-04:00,2026-10-22T16:30:00-04:00,No,ENCARGADO DE FABRICACION,24,Otro,NONE,#a47ae2,Si,,,,,,,,,,
5nb8mvdcfg6j3d4pffipt18d0h_20261022T234500Z,Limpieza arriba de mesas y al rededor,2026-10-22T19:45:00-04:00,2026-10-22T20:30:00-04:00,No,ENCARGADO DE FABRICACION,24,Otro,NONE,#a47ae2,Si,,,,,,,,,,
4hb8def5jk9c0fppan23o67k63_20261023T000000Z,Revision mensual del puesto 13,2026-10-22T20:00:00-04:00,2026-10-22T20:45:00-04:00,No,ENCARGADO DE FABRICACION,24,Otro,NONE,#a47ae2,Si,,,,,,,,llenar estos datos para puesto de doblador de ordenes todos los meses,llenar estos datos para puesto de doblador de ordenes todos los meses,
3qb3qn8jvrkvdpeffgfvgb826o_20261023T003000Z,Calendarios de avances del dia.,2026-10-22T20:30:00-04:00,2026-10-22T21:15:00-04:00,No,ENCARGADO DE FABRICACION,24,Otro,NONE,#a47ae2,Si,,,,,,,,,,
vphofhas3s0f0hmnv6q17bj2vb_20261023T013000Z,Cuales papiros a modificar de fabricaciones.,2026-10-22T21:30:00-04:00,2026-10-22T22:15:00-04:00,No,ENCARGADO DE FABRICACION,24,Otro,NONE,#a47ae2,Si,,,,,,,,,,
27ecrt0df70icsj7626mictnjt_20261023T021500Z,Modificar papiros en la pc,2026-10-22T22:15:00-04:00,2026-10-22T23:00:00-04:00,No,ENCARGADO DE FABRICACION,24,Otro,NONE,#a47ae2,Si,,,,,,,,,,
c1rfd8udnqtfr8a15pqc99hc9f_20261023T114500Z,PEDAZOS DE TUBOS  Y ORDENES EN EL PISO,2026-10-23T07:45:00-04:00,2026-10-23T08:15:00-04:00,No,ENCARGADO DE FABRICACION,24,Otro,NONE,#a47ae2,Si,,,,,,,,Revisar no se esten quedando tubos y pedazos debajo.Que no se lleven tubos que son de separadores para el basudero. / mesa guillotina limpia / no tubo ni pedazos medio a medio. / ORDENES EN EL MEDIO DEL CAMINO QUE DIFICULTA EL CAMINAR.,"Revisar no se esten quedando tubos y pedazos debajo.Que no se lleven tubos que son de separadores para el basudero.
mesa guillotina limpia
no tubo ni pedazos medio a medio.
ORDENES EN EL MEDIO DEL CAMINO QUE DIFICULTA EL CAMINAR.",
aths67orq9j2ttgcs2vgjbech5_20261023T140000Z,tapas y macheticos CANTIDADES MININAS,2026-10-23T10:00:00-04:00,2026-10-23T11:30:00-04:00,No,ENCARGADO DE FABRICACION,24,Otro,NONE,#a47ae2,Si,,,,,,,,"DEJARLE LISTA PUESTO 8 DE CARRETERES A FABRICAR. / CONFIRMAR ANTES DE PEDIR TOLA SI NO HAY, EN EL TAMARINDO / ENVIAR PEDIDO AL TAMARINDO DE CORTES DE TAPAS, CANTIDADES. / TA-1 HIJET TA-2 TOW ACE TA-3 KIA TA-4 NV200 TA-5 COASTER TA-6 APV","DEJARLE LISTA PUESTO 8 DE CARRETERES A FABRICAR.
CONFIRMAR ANTES DE PEDIR TOLA SI NO HAY, EN EL TAMARINDO
ENVIAR PEDIDO AL TAMARINDO DE CORTES DE TAPAS, CANTIDADES.
TA-1 HIJET TA-2 TOW ACE TA-3 KIA TA-4 NV200 TA-5 COASTER TA-6 APV",
575ck05ok28gemo83n872pjrof_20261023T160000Z, -IMPRIMIR hoy reunir pulgadas de tubos perdidos,2026-10-23T12:00:00-04:00,2026-10-23T12:45:00-04:00,No,ENCARGADO DE FABRICACION,24,Otro,NONE,#a47ae2,Si,,,,,,,,,,
1sibbnnqvpsbjdmae39p82gksv_20261023T170000Z,Ollos en tapas esten bien antes de armar carreter,2026-10-23T13:00:00-04:00,2026-10-23T13:30:00-04:00,No,ENCARGADO DE FABRICACION,24,Otro,NONE,#a47ae2,Si,,,,,,,,,,
5e6i1ue015v2kmvuqipkir875h_20261023T173000Z,"TENER CALENDARIOS REVISAR MEDIDAS, DE ORDENES",2026-10-23T13:30:00-04:00,2026-10-23T15:00:00-04:00,No,ENCARGADO DE FABRICACION,24,Otro,NONE,#a47ae2,Si,,,,,,,,,,
44lod0noud7hqti6vm81v8tqmt_20261023T190000Z,IMPRIMIR-ANALIZAR FRENTES Y CARRETERES- EL DISEñO Y LAS PIEZAS ,2026-10-23T15:00:00-04:00,2026-10-23T15:45:00-04:00,No,ENCARGADO DE FABRICACION,24,Otro,NONE,#a47ae2,Si,,,,,,,,,,
4mci0naamtkbbp8gin1kv4gl7q_20261023T200000Z,IMPRIMIR-PEDIDO ACERO Y CONSUMIBLES EN ALEGRA,2026-10-23T16:00:00-04:00,2026-10-23T16:30:00-04:00,No,ENCARGADO DE FABRICACION,24,Otro,NONE,#a47ae2,Si,,,,,,,,,,
5nb8mvdcfg6j3d4pffipt18d0h_20261023T234500Z,Limpieza arriba de mesas y al rededor,2026-10-23T19:45:00-04:00,2026-10-23T20:30:00-04:00,No,ENCARGADO DE FABRICACION,24,Otro,NONE,#a47ae2,Si,,,,,,,,,,
3qb3qn8jvrkvdpeffgfvgb826o_20261024T003000Z,Calendarios de avances del dia.,2026-10-23T20:30:00-04:00,2026-10-23T21:15:00-04:00,No,ENCARGADO DE FABRICACION,24,Otro,NONE,#a47ae2,Si,,,,,,,,,,
vphofhas3s0f0hmnv6q17bj2vb_20261024T013000Z,Cuales papiros a modificar de fabricaciones.,2026-10-23T21:30:00-04:00,2026-10-23T22:15:00-04:00,No,ENCARGADO DE FABRICACION,24,Otro,NONE,#a47ae2,Si,,,,,,,,,,
27ecrt0df70icsj7626mictnjt_20261024T021500Z,Modificar papiros en la pc,2026-10-23T22:15:00-04:00,2026-10-23T23:00:00-04:00,No,ENCARGADO DE FABRICACION,24,Otro,NONE,#a47ae2,Si,,,,,,,,,,
c1rfd8udnqtfr8a15pqc99hc9f_20261024T114500Z,PEDAZOS DE TUBOS  Y ORDENES EN EL PISO,2026-10-24T07:45:00-04:00,2026-10-24T08:15:00-04:00,No,ENCARGADO DE FABRICACION,24,Otro,NONE,#a47ae2,Si,,,,,,,,Revisar no se esten quedando tubos y pedazos debajo.Que no se lleven tubos que son de separadores para el basudero. / mesa guillotina limpia / no tubo ni pedazos medio a medio. / ORDENES EN EL MEDIO DEL CAMINO QUE DIFICULTA EL CAMINAR.,"Revisar no se esten quedando tubos y pedazos debajo.Que no se lleven tubos que son de separadores para el basudero.
mesa guillotina limpia
no tubo ni pedazos medio a medio.
ORDENES EN EL MEDIO DEL CAMINO QUE DIFICULTA EL CAMINAR.",
5e6i1ue015v2kmvuqipkir875h_20261024T173000Z,"TENER CALENDARIOS REVISAR MEDIDAS, DE ORDENES",2026-10-24T13:30:00-04:00,2026-10-24T15:00:00-04:00,No,ENCARGADO DE FABRICACION,24,Otro,NONE,#a47ae2,Si,,,,,,,,,,
c1rfd8udnqtfr8a15pqc99hc9f_20261026T114500Z,PEDAZOS DE TUBOS  Y ORDENES EN EL PISO,2026-10-26T07:45:00-04:00,2026-10-26T08:15:00-04:00,No,ENCARGADO DE FABRICACION,24,Otro,NONE,#a47ae2,Si,,,,,,,,Revisar no se esten quedando tubos y pedazos debajo.Que no se lleven tubos que son de separadores para el basudero. / mesa guillotina limpia / no tubo ni pedazos medio a medio. / ORDENES EN EL MEDIO DEL CAMINO QUE DIFICULTA EL CAMINAR.,"Revisar no se esten quedando tubos y pedazos debajo.Que no se lleven tubos que son de separadores para el basudero.
mesa guillotina limpia
no tubo ni pedazos medio a medio.
ORDENES EN EL MEDIO DEL CAMINO QUE DIFICULTA EL CAMINAR.",
aths67orq9j2ttgcs2vgjbech5_20261026T140000Z,tapas y macheticos CANTIDADES MININAS,2026-10-26T10:00:00-04:00,2026-10-26T11:30:00-04:00,No,ENCARGADO DE FABRICACION,24,Otro,NONE,#a47ae2,Si,,,,,,,,"DEJARLE LISTA PUESTO 8 DE CARRETERES A FABRICAR. / CONFIRMAR ANTES DE PEDIR TOLA SI NO HAY, EN EL TAMARINDO / ENVIAR PEDIDO AL TAMARINDO DE CORTES DE TAPAS, CANTIDADES. / TA-1 HIJET TA-2 TOW ACE TA-3 KIA TA-4 NV200 TA-5 COASTER TA-6 APV","DEJARLE LISTA PUESTO 8 DE CARRETERES A FABRICAR.
CONFIRMAR ANTES DE PEDIR TOLA SI NO HAY, EN EL TAMARINDO
ENVIAR PEDIDO AL TAMARINDO DE CORTES DE TAPAS, CANTIDADES.
TA-1 HIJET TA-2 TOW ACE TA-3 KIA TA-4 NV200 TA-5 COASTER TA-6 APV",
575ck05ok28gemo83n872pjrof_20261026T160000Z, -IMPRIMIR hoy reunir pulgadas de tubos perdidos,2026-10-26T12:00:00-04:00,2026-10-26T12:45:00-04:00,No,ENCARGADO DE FABRICACION,24,Otro,NONE,#a47ae2,Si,,,,,,,,,,
5e6i1ue015v2kmvuqipkir875h_20261026T173000Z,"TENER CALENDARIOS REVISAR MEDIDAS, DE ORDENES",2026-10-26T13:30:00-04:00,2026-10-26T15:00:00-04:00,No,ENCARGADO DE FABRICACION,24,Otro,NONE,#a47ae2,Si,,,,,,,,,,
44lod0noud7hqti6vm81v8tqmt_20261026T190000Z,IMPRIMIR-ANALIZAR FRENTES Y CARRETERES- EL DISEñO Y LAS PIEZAS ,2026-10-26T15:00:00-04:00,2026-10-26T15:45:00-04:00,No,ENCARGADO DE FABRICACION,24,Otro,NONE,#a47ae2,Si,,,,,,,,,,
4mci0naamtkbbp8gin1kv4gl7q_20261026T200000Z,IMPRIMIR-PEDIDO ACERO Y CONSUMIBLES EN ALEGRA,2026-10-26T16:00:00-04:00,2026-10-26T16:30:00-04:00,No,ENCARGADO DE FABRICACION,24,Otro,NONE,#a47ae2,Si,,,,,,,,,,
5nb8mvdcfg6j3d4pffipt18d0h_20261026T234500Z,Limpieza arriba de mesas y al rededor,2026-10-26T19:45:00-04:00,2026-10-26T20:30:00-04:00,No,ENCARGADO DE FABRICACION,24,Otro,NONE,#a47ae2,Si,,,,,,,,,,
4hb8def5jk9c0fppan23o67k63_20261027T000000Z,Revision mensual del puesto 13,2026-10-26T20:00:00-04:00,2026-10-26T20:45:00-04:00,No,ENCARGADO DE FABRICACION,24,Otro,NONE,#a47ae2,Si,,,,,,,,llenar estos datos para puesto de doblador de ordenes todos los meses,llenar estos datos para puesto de doblador de ordenes todos los meses,
3qb3qn8jvrkvdpeffgfvgb826o_20261027T003000Z,Calendarios de avances del dia.,2026-10-26T20:30:00-04:00,2026-10-26T21:15:00-04:00,No,ENCARGADO DE FABRICACION,24,Otro,NONE,#a47ae2,Si,,,,,,,,,,
vphofhas3s0f0hmnv6q17bj2vb_20261027T013000Z,Cuales papiros a modificar de fabricaciones.,2026-10-26T21:30:00-04:00,2026-10-26T22:15:00-04:00,No,ENCARGADO DE FABRICACION,24,Otro,NONE,#a47ae2,Si,,,,,,,,,,
27ecrt0df70icsj7626mictnjt_20261027T021500Z,Modificar papiros en la pc,2026-10-26T22:15:00-04:00,2026-10-26T23:00:00-04:00,No,ENCARGADO DE FABRICACION,24,Otro,NONE,#a47ae2,Si,,,,,,,,,,
c1rfd8udnqtfr8a15pqc99hc9f_20261027T114500Z,PEDAZOS DE TUBOS  Y ORDENES EN EL PISO,2026-10-27T07:45:00-04:00,2026-10-27T08:15:00-04:00,No,ENCARGADO DE FABRICACION,24,Otro,NONE,#a47ae2,Si,,,,,,,,Revisar no se esten quedando tubos y pedazos debajo.Que no se lleven tubos que son de separadores para el basudero. / mesa guillotina limpia / no tubo ni pedazos medio a medio. / ORDENES EN EL MEDIO DEL CAMINO QUE DIFICULTA EL CAMINAR.,"Revisar no se esten quedando tubos y pedazos debajo.Que no se lleven tubos que son de separadores para el basudero.
mesa guillotina limpia
no tubo ni pedazos medio a medio.
ORDENES EN EL MEDIO DEL CAMINO QUE DIFICULTA EL CAMINAR.",
575ck05ok28gemo83n872pjrof_20261027T160000Z, -IMPRIMIR hoy reunir pulgadas de tubos perdidos,2026-10-27T12:00:00-04:00,2026-10-27T12:45:00-04:00,No,ENCARGADO DE FABRICACION,24,Otro,NONE,#a47ae2,Si,,,,,,,,,,
1sibbnnqvpsbjdmae39p82gksv_20261027T170000Z,Ollos en tapas esten bien antes de armar carreter,2026-10-27T13:00:00-04:00,2026-10-27T13:30:00-04:00,No,ENCARGADO DE FABRICACION,24,Otro,NONE,#a47ae2,Si,,,,,,,,,,
5e6i1ue015v2kmvuqipkir875h_20261027T173000Z,"TENER CALENDARIOS REVISAR MEDIDAS, DE ORDENES",2026-10-27T13:30:00-04:00,2026-10-27T15:00:00-04:00,No,ENCARGADO DE FABRICACION,24,Otro,NONE,#a47ae2,Si,,,,,,,,,,
0hf2hucf448kd4vro5793gqfaq_20261027T180000Z,REVISION DE MESAS Y CAJAS LIMPIAS Y ORGANIDAS,2026-10-27T14:00:00-04:00,2026-10-27T14:45:00-04:00,No,ENCARGADO DE FABRICACION,24,Otro,NONE,#a47ae2,Si,,,,,,,,,,
44lod0noud7hqti6vm81v8tqmt_20261027T190000Z,IMPRIMIR-ANALIZAR FRENTES Y CARRETERES- EL DISEñO Y LAS PIEZAS ,2026-10-27T15:00:00-04:00,2026-10-27T15:45:00-04:00,No,ENCARGADO DE FABRICACION,24,Otro,NONE,#a47ae2,Si,,,,,,,,,,
4mci0naamtkbbp8gin1kv4gl7q_20261027T200000Z,IMPRIMIR-PEDIDO ACERO Y CONSUMIBLES EN ALEGRA,2026-10-27T16:00:00-04:00,2026-10-27T16:30:00-04:00,No,ENCARGADO DE FABRICACION,24,Otro,NONE,#a47ae2,Si,,,,,,,,,,
5nb8mvdcfg6j3d4pffipt18d0h_20261027T234500Z,Limpieza arriba de mesas y al rededor,2026-10-27T19:45:00-04:00,2026-10-27T20:30:00-04:00,No,ENCARGADO DE FABRICACION,24,Otro,NONE,#a47ae2,Si,,,,,,,,,,
3qb3qn8jvrkvdpeffgfvgb826o_20261028T003000Z,Calendarios de avances del dia.,2026-10-27T20:30:00-04:00,2026-10-27T21:15:00-04:00,No,ENCARGADO DE FABRICACION,24,Otro,NONE,#a47ae2,Si,,,,,,,,,,
vphofhas3s0f0hmnv6q17bj2vb_20261028T013000Z,Cuales papiros a modificar de fabricaciones.,2026-10-27T21:30:00-04:00,2026-10-27T22:15:00-04:00,No,ENCARGADO DE FABRICACION,24,Otro,NONE,#a47ae2,Si,,,,,,,,,,
27ecrt0df70icsj7626mictnjt_20261028T021500Z,Modificar papiros en la pc,2026-10-27T22:15:00-04:00,2026-10-27T23:00:00-04:00,No,ENCARGADO DE FABRICACION,24,Otro,NONE,#a47ae2,Si,,,,,,,,,,
c1rfd8udnqtfr8a15pqc99hc9f_20261028T114500Z,PEDAZOS DE TUBOS  Y ORDENES EN EL PISO,2026-10-28T07:45:00-04:00,2026-10-28T08:15:00-04:00,No,ENCARGADO DE FABRICACION,24,Otro,NONE,#a47ae2,Si,,,,,,,,Revisar no se esten quedando tubos y pedazos debajo.Que no se lleven tubos que son de separadores para el basudero. / mesa guillotina limpia / no tubo ni pedazos medio a medio. / ORDENES EN EL MEDIO DEL CAMINO QUE DIFICULTA EL CAMINAR.,"Revisar no se esten quedando tubos y pedazos debajo.Que no se lleven tubos que son de separadores para el basudero.
mesa guillotina limpia
no tubo ni pedazos medio a medio.
ORDENES EN EL MEDIO DEL CAMINO QUE DIFICULTA EL CAMINAR.",
aths67orq9j2ttgcs2vgjbech5_20261028T140000Z,tapas y macheticos CANTIDADES MININAS,2026-10-28T10:00:00-04:00,2026-10-28T11:30:00-04:00,No,ENCARGADO DE FABRICACION,24,Otro,NONE,#a47ae2,Si,,,,,,,,"DEJARLE LISTA PUESTO 8 DE CARRETERES A FABRICAR. / CONFIRMAR ANTES DE PEDIR TOLA SI NO HAY, EN EL TAMARINDO / ENVIAR PEDIDO AL TAMARINDO DE CORTES DE TAPAS, CANTIDADES. / TA-1 HIJET TA-2 TOW ACE TA-3 KIA TA-4 NV200 TA-5 COASTER TA-6 APV","DEJARLE LISTA PUESTO 8 DE CARRETERES A FABRICAR.
CONFIRMAR ANTES DE PEDIR TOLA SI NO HAY, EN EL TAMARINDO
ENVIAR PEDIDO AL TAMARINDO DE CORTES DE TAPAS, CANTIDADES.
TA-1 HIJET TA-2 TOW ACE TA-3 KIA TA-4 NV200 TA-5 COASTER TA-6 APV",
575ck05ok28gemo83n872pjrof_20261028T160000Z, -IMPRIMIR hoy reunir pulgadas de tubos perdidos,2026-10-28T12:00:00-04:00,2026-10-28T12:45:00-04:00,No,ENCARGADO DE FABRICACION,24,Otro,NONE,#a47ae2,Si,,,,,,,,,,
5e6i1ue015v2kmvuqipkir875h_20261028T173000Z,"TENER CALENDARIOS REVISAR MEDIDAS, DE ORDENES",2026-10-28T13:30:00-04:00,2026-10-28T15:00:00-04:00,No,ENCARGADO DE FABRICACION,24,Otro,NONE,#a47ae2,Si,,,,,,,,,,
44lod0noud7hqti6vm81v8tqmt_20261028T190000Z,IMPRIMIR-ANALIZAR FRENTES Y CARRETERES- EL DISEñO Y LAS PIEZAS ,2026-10-28T15:00:00-04:00,2026-10-28T15:45:00-04:00,No,ENCARGADO DE FABRICACION,24,Otro,NONE,#a47ae2,Si,,,,,,,,,,
4mci0naamtkbbp8gin1kv4gl7q_20261028T200000Z,IMPRIMIR-PEDIDO ACERO Y CONSUMIBLES EN ALEGRA,2026-10-28T16:00:00-04:00,2026-10-28T16:30:00-04:00,No,ENCARGADO DE FABRICACION,24,Otro,NONE,#a47ae2,Si,,,,,,,,,,
5nb8mvdcfg6j3d4pffipt18d0h_20261028T234500Z,Limpieza arriba de mesas y al rededor,2026-10-28T19:45:00-04:00,2026-10-28T20:30:00-04:00,No,ENCARGADO DE FABRICACION,24,Otro,NONE,#a47ae2,Si,,,,,,,,,,
3qb3qn8jvrkvdpeffgfvgb826o_20261029T003000Z,Calendarios de avances del dia.,2026-10-28T20:30:00-04:00,2026-10-28T21:15:00-04:00,No,ENCARGADO DE FABRICACION,24,Otro,NONE,#a47ae2,Si,,,,,,,,,,
vphofhas3s0f0hmnv6q17bj2vb_20261029T013000Z,Cuales papiros a modificar de fabricaciones.,2026-10-28T21:30:00-04:00,2026-10-28T22:15:00-04:00,No,ENCARGADO DE FABRICACION,24,Otro,NONE,#a47ae2,Si,,,,,,,,,,
27ecrt0df70icsj7626mictnjt_20261029T021500Z,Modificar papiros en la pc,2026-10-28T22:15:00-04:00,2026-10-28T23:00:00-04:00,No,ENCARGADO DE FABRICACION,24,Otro,NONE,#a47ae2,Si,,,,,,,,,,
c1rfd8udnqtfr8a15pqc99hc9f_20261029T114500Z,PEDAZOS DE TUBOS  Y ORDENES EN EL PISO,2026-10-29T07:45:00-04:00,2026-10-29T08:15:00-04:00,No,ENCARGADO DE FABRICACION,24,Otro,NONE,#a47ae2,Si,,,,,,,,Revisar no se esten quedando tubos y pedazos debajo.Que no se lleven tubos que son de separadores para el basudero. / mesa guillotina limpia / no tubo ni pedazos medio a medio. / ORDENES EN EL MEDIO DEL CAMINO QUE DIFICULTA EL CAMINAR.,"Revisar no se esten quedando tubos y pedazos debajo.Que no se lleven tubos que son de separadores para el basudero.
mesa guillotina limpia
no tubo ni pedazos medio a medio.
ORDENES EN EL MEDIO DEL CAMINO QUE DIFICULTA EL CAMINAR.",
575ck05ok28gemo83n872pjrof_20261029T160000Z, -IMPRIMIR hoy reunir pulgadas de tubos perdidos,2026-10-29T12:00:00-04:00,2026-10-29T12:45:00-04:00,No,ENCARGADO DE FABRICACION,24,Otro,NONE,#a47ae2,Si,,,,,,,,,,
5e6i1ue015v2kmvuqipkir875h_20261029T173000Z,"TENER CALENDARIOS REVISAR MEDIDAS, DE ORDENES",2026-10-29T13:30:00-04:00,2026-10-29T15:00:00-04:00,No,ENCARGADO DE FABRICACION,24,Otro,NONE,#a47ae2,Si,,,,,,,,,,
44lod0noud7hqti6vm81v8tqmt_20261029T190000Z,IMPRIMIR-ANALIZAR FRENTES Y CARRETERES- EL DISEñO Y LAS PIEZAS ,2026-10-29T15:00:00-04:00,2026-10-29T15:45:00-04:00,No,ENCARGADO DE FABRICACION,24,Otro,NONE,#a47ae2,Si,,,,,,,,,,
4mci0naamtkbbp8gin1kv4gl7q_20261029T200000Z,IMPRIMIR-PEDIDO ACERO Y CONSUMIBLES EN ALEGRA,2026-10-29T16:00:00-04:00,2026-10-29T16:30:00-04:00,No,ENCARGADO DE FABRICACION,24,Otro,NONE,#a47ae2,Si,,,,,,,,,,
5nb8mvdcfg6j3d4pffipt18d0h_20261029T234500Z,Limpieza arriba de mesas y al rededor,2026-10-29T19:45:00-04:00,2026-10-29T20:30:00-04:00,No,ENCARGADO DE FABRICACION,24,Otro,NONE,#a47ae2,Si,,,,,,,,,,
4hb8def5jk9c0fppan23o67k63_20261030T000000Z,Revision mensual del puesto 13,2026-10-29T20:00:00-04:00,2026-10-29T20:45:00-04:00,No,ENCARGADO DE FABRICACION,24,Otro,NONE,#a47ae2,Si,,,,,,,,llenar estos datos para puesto de doblador de ordenes todos los meses,llenar estos datos para puesto de doblador de ordenes todos los meses,
3qb3qn8jvrkvdpeffgfvgb826o_20261030T003000Z,Calendarios de avances del dia.,2026-10-29T20:30:00-04:00,2026-10-29T21:15:00-04:00,No,ENCARGADO DE FABRICACION,24,Otro,NONE,#a47ae2,Si,,,,,,,,,,
vphofhas3s0f0hmnv6q17bj2vb_20261030T013000Z,Cuales papiros a modificar de fabricaciones.,2026-10-29T21:30:00-04:00,2026-10-29T22:15:00-04:00,No,ENCARGADO DE FABRICACION,24,Otro,NONE,#a47ae2,Si,,,,,,,,,,
27ecrt0df70icsj7626mictnjt_20261030T021500Z,Modificar papiros en la pc,2026-10-29T22:15:00-04:00,2026-10-29T23:00:00-04:00,No,ENCARGADO DE FABRICACION,24,Otro,NONE,#a47ae2,Si,,,,,,,,,,
c1rfd8udnqtfr8a15pqc99hc9f_20261030T114500Z,PEDAZOS DE TUBOS  Y ORDENES EN EL PISO,2026-10-30T07:45:00-04:00,2026-10-30T08:15:00-04:00,No,ENCARGADO DE FABRICACION,24,Otro,NONE,#a47ae2,Si,,,,,,,,Revisar no se esten quedando tubos y pedazos debajo.Que no se lleven tubos que son de separadores para el basudero. / mesa guillotina limpia / no tubo ni pedazos medio a medio. / ORDENES EN EL MEDIO DEL CAMINO QUE DIFICULTA EL CAMINAR.,"Revisar no se esten quedando tubos y pedazos debajo.Que no se lleven tubos que son de separadores para el basudero.
mesa guillotina limpia
no tubo ni pedazos medio a medio.
ORDENES EN EL MEDIO DEL CAMINO QUE DIFICULTA EL CAMINAR.",
aths67orq9j2ttgcs2vgjbech5_20261030T140000Z,tapas y macheticos CANTIDADES MININAS,2026-10-30T10:00:00-04:00,2026-10-30T11:30:00-04:00,No,ENCARGADO DE FABRICACION,24,Otro,NONE,#a47ae2,Si,,,,,,,,"DEJARLE LISTA PUESTO 8 DE CARRETERES A FABRICAR. / CONFIRMAR ANTES DE PEDIR TOLA SI NO HAY, EN EL TAMARINDO / ENVIAR PEDIDO AL TAMARINDO DE CORTES DE TAPAS, CANTIDADES. / TA-1 HIJET TA-2 TOW ACE TA-3 KIA TA-4 NV200 TA-5 COASTER TA-6 APV","DEJARLE LISTA PUESTO 8 DE CARRETERES A FABRICAR.
CONFIRMAR ANTES DE PEDIR TOLA SI NO HAY, EN EL TAMARINDO
ENVIAR PEDIDO AL TAMARINDO DE CORTES DE TAPAS, CANTIDADES.
TA-1 HIJET TA-2 TOW ACE TA-3 KIA TA-4 NV200 TA-5 COASTER TA-6 APV",
575ck05ok28gemo83n872pjrof_20261030T160000Z, -IMPRIMIR hoy reunir pulgadas de tubos perdidos,2026-10-30T12:00:00-04:00,2026-10-30T12:45:00-04:00,No,ENCARGADO DE FABRICACION,24,Otro,NONE,#a47ae2,Si,,,,,,,,,,
1sibbnnqvpsbjdmae39p82gksv_20261030T170000Z,Ollos en tapas esten bien antes de armar carreter,2026-10-30T13:00:00-04:00,2026-10-30T13:30:00-04:00,No,ENCARGADO DE FABRICACION,24,Otro,NONE,#a47ae2,Si,,,,,,,,,,
5e6i1ue015v2kmvuqipkir875h_20261030T173000Z,"TENER CALENDARIOS REVISAR MEDIDAS, DE ORDENES",2026-10-30T13:30:00-04:00,2026-10-30T15:00:00-04:00,No,ENCARGADO DE FABRICACION,24,Otro,NONE,#a47ae2,Si,,,,,,,,,,
44lod0noud7hqti6vm81v8tqmt_20261030T190000Z,IMPRIMIR-ANALIZAR FRENTES Y CARRETERES- EL DISEñO Y LAS PIEZAS ,2026-10-30T15:00:00-04:00,2026-10-30T15:45:00-04:00,No,ENCARGADO DE FABRICACION,24,Otro,NONE,#a47ae2,Si,,,,,,,,,,
4mci0naamtkbbp8gin1kv4gl7q_20261030T200000Z,IMPRIMIR-PEDIDO ACERO Y CONSUMIBLES EN ALEGRA,2026-10-30T16:00:00-04:00,2026-10-30T16:30:00-04:00,No,ENCARGADO DE FABRICACION,24,Otro,NONE,#a47ae2,Si,,,,,,,,,,
5nb8mvdcfg6j3d4pffipt18d0h_20261030T234500Z,Limpieza arriba de mesas y al rededor,2026-10-30T19:45:00-04:00,2026-10-30T20:30:00-04:00,No,ENCARGADO DE FABRICACION,24,Otro,NONE,#a47ae2,Si,,,,,,,,,,
3qb3qn8jvrkvdpeffgfvgb826o_20261031T003000Z,Calendarios de avances del dia.,2026-10-30T20:30:00-04:00,2026-10-30T21:15:00-04:00,No,ENCARGADO DE FABRICACION,24,Otro,NONE,#a47ae2,Si,,,,,,,,,,
vphofhas3s0f0hmnv6q17bj2vb_20261031T013000Z,Cuales papiros a modificar de fabricaciones.,2026-10-30T21:30:00-04:00,2026-10-30T22:15:00-04:00,No,ENCARGADO DE FABRICACION,24,Otro,NONE,#a47ae2,Si,,,,,,,,,,
27ecrt0df70icsj7626mictnjt_20261031T021500Z,Modificar papiros en la pc,2026-10-30T22:15:00-04:00,2026-10-30T23:00:00-04:00,No,ENCARGADO DE FABRICACION,24,Otro,NONE,#a47ae2,Si,,,,,,,,,,
c1rfd8udnqtfr8a15pqc99hc9f_20261031T114500Z,PEDAZOS DE TUBOS  Y ORDENES EN EL PISO,2026-10-31T07:45:00-04:00,2026-10-31T08:15:00-04:00,No,ENCARGADO DE FABRICACION,24,Otro,NONE,#a47ae2,Si,,,,,,,,Revisar no se esten quedando tubos y pedazos debajo.Que no se lleven tubos que son de separadores para el basudero. / mesa guillotina limpia / no tubo ni pedazos medio a medio. / ORDENES EN EL MEDIO DEL CAMINO QUE DIFICULTA EL CAMINAR.,"Revisar no se esten quedando tubos y pedazos debajo.Que no se lleven tubos que son de separadores para el basudero.
mesa guillotina limpia
no tubo ni pedazos medio a medio.
ORDENES EN EL MEDIO DEL CAMINO QUE DIFICULTA EL CAMINAR.",
5e6i1ue015v2kmvuqipkir875h_20261031T173000Z,"TENER CALENDARIOS REVISAR MEDIDAS, DE ORDENES",2026-10-31T13:30:00-04:00,2026-10-31T15:00:00-04:00,No,ENCARGADO DE FABRICACION,24,Otro,NONE,#a47ae2,Si,,,,,,,,,,
c1rfd8udnqtfr8a15pqc99hc9f_20261102T114500Z,PEDAZOS DE TUBOS  Y ORDENES EN EL PISO,2026-11-02T07:45:00-04:00,2026-11-02T08:15:00-04:00,No,ENCARGADO DE FABRICACION,24,Otro,NONE,#a47ae2,Si,,,,,,,,Revisar no se esten quedando tubos y pedazos debajo.Que no se lleven tubos que son de separadores para el basudero. / mesa guillotina limpia / no tubo ni pedazos medio a medio. / ORDENES EN EL MEDIO DEL CAMINO QUE DIFICULTA EL CAMINAR.,"Revisar no se esten quedando tubos y pedazos debajo.Que no se lleven tubos que son de separadores para el basudero.
mesa guillotina limpia
no tubo ni pedazos medio a medio.
ORDENES EN EL MEDIO DEL CAMINO QUE DIFICULTA EL CAMINAR.",
aths67orq9j2ttgcs2vgjbech5_20261102T140000Z,tapas y macheticos CANTIDADES MININAS,2026-11-02T10:00:00-04:00,2026-11-02T11:30:00-04:00,No,ENCARGADO DE FABRICACION,24,Otro,NONE,#a47ae2,Si,,,,,,,,"DEJARLE LISTA PUESTO 8 DE CARRETERES A FABRICAR. / CONFIRMAR ANTES DE PEDIR TOLA SI NO HAY, EN EL TAMARINDO / ENVIAR PEDIDO AL TAMARINDO DE CORTES DE TAPAS, CANTIDADES. / TA-1 HIJET TA-2 TOW ACE TA-3 KIA TA-4 NV200 TA-5 COASTER TA-6 APV","DEJARLE LISTA PUESTO 8 DE CARRETERES A FABRICAR.
CONFIRMAR ANTES DE PEDIR TOLA SI NO HAY, EN EL TAMARINDO
ENVIAR PEDIDO AL TAMARINDO DE CORTES DE TAPAS, CANTIDADES.
TA-1 HIJET TA-2 TOW ACE TA-3 KIA TA-4 NV200 TA-5 COASTER TA-6 APV",
575ck05ok28gemo83n872pjrof_20261102T160000Z, -IMPRIMIR hoy reunir pulgadas de tubos perdidos,2026-11-02T12:00:00-04:00,2026-11-02T12:45:00-04:00,No,ENCARGADO DE FABRICACION,24,Otro,NONE,#a47ae2,Si,,,,,,,,,,
5e6i1ue015v2kmvuqipkir875h_20261102T173000Z,"TENER CALENDARIOS REVISAR MEDIDAS, DE ORDENES",2026-11-02T13:30:00-04:00,2026-11-02T15:00:00-04:00,No,ENCARGADO DE FABRICACION,24,Otro,NONE,#a47ae2,Si,,,,,,,,,,
44lod0noud7hqti6vm81v8tqmt_20261102T190000Z,IMPRIMIR-ANALIZAR FRENTES Y CARRETERES- EL DISEñO Y LAS PIEZAS ,2026-11-02T15:00:00-04:00,2026-11-02T15:45:00-04:00,No,ENCARGADO DE FABRICACION,24,Otro,NONE,#a47ae2,Si,,,,,,,,,,
4mci0naamtkbbp8gin1kv4gl7q_20261102T200000Z,IMPRIMIR-PEDIDO ACERO Y CONSUMIBLES EN ALEGRA,2026-11-02T16:00:00-04:00,2026-11-02T16:30:00-04:00,No,ENCARGADO DE FABRICACION,24,Otro,NONE,#a47ae2,Si,,,,,,,,,,
5nb8mvdcfg6j3d4pffipt18d0h_20261102T234500Z,Limpieza arriba de mesas y al rededor,2026-11-02T19:45:00-04:00,2026-11-02T20:30:00-04:00,No,ENCARGADO DE FABRICACION,24,Otro,NONE,#a47ae2,Si,,,,,,,,,,
4hb8def5jk9c0fppan23o67k63_20261103T000000Z,Revision mensual del puesto 13,2026-11-02T20:00:00-04:00,2026-11-02T20:45:00-04:00,No,ENCARGADO DE FABRICACION,24,Otro,NONE,#a47ae2,Si,,,,,,,,llenar estos datos para puesto de doblador de ordenes todos los meses,llenar estos datos para puesto de doblador de ordenes todos los meses,
3qb3qn8jvrkvdpeffgfvgb826o_20261103T003000Z,Calendarios de avances del dia.,2026-11-02T20:30:00-04:00,2026-11-02T21:15:00-04:00,No,ENCARGADO DE FABRICACION,24,Otro,NONE,#a47ae2,Si,,,,,,,,,,
vphofhas3s0f0hmnv6q17bj2vb_20261103T013000Z,Cuales papiros a modificar de fabricaciones.,2026-11-02T21:30:00-04:00,2026-11-02T22:15:00-04:00,No,ENCARGADO DE FABRICACION,24,Otro,NONE,#a47ae2,Si,,,,,,,,,,
27ecrt0df70icsj7626mictnjt_20261103T021500Z,Modificar papiros en la pc,2026-11-02T22:15:00-04:00,2026-11-02T23:00:00-04:00,No,ENCARGADO DE FABRICACION,24,Otro,NONE,#a47ae2,Si,,,,,,,,,,
c1rfd8udnqtfr8a15pqc99hc9f_20261103T114500Z,PEDAZOS DE TUBOS  Y ORDENES EN EL PISO,2026-11-03T07:45:00-04:00,2026-11-03T08:15:00-04:00,No,ENCARGADO DE FABRICACION,24,Otro,NONE,#a47ae2,Si,,,,,,,,Revisar no se esten quedando tubos y pedazos debajo.Que no se lleven tubos que son de separadores para el basudero. / mesa guillotina limpia / no tubo ni pedazos medio a medio. / ORDENES EN EL MEDIO DEL CAMINO QUE DIFICULTA EL CAMINAR.,"Revisar no se esten quedando tubos y pedazos debajo.Que no se lleven tubos que son de separadores para el basudero.
mesa guillotina limpia
no tubo ni pedazos medio a medio.
ORDENES EN EL MEDIO DEL CAMINO QUE DIFICULTA EL CAMINAR.",
575ck05ok28gemo83n872pjrof_20261103T160000Z, -IMPRIMIR hoy reunir pulgadas de tubos perdidos,2026-11-03T12:00:00-04:00,2026-11-03T12:45:00-04:00,No,ENCARGADO DE FABRICACION,24,Otro,NONE,#a47ae2,Si,,,,,,,,,,
1sibbnnqvpsbjdmae39p82gksv_20261103T170000Z,Ollos en tapas esten bien antes de armar carreter,2026-11-03T13:00:00-04:00,2026-11-03T13:30:00-04:00,No,ENCARGADO DE FABRICACION,24,Otro,NONE,#a47ae2,Si,,,,,,,,,,
5e6i1ue015v2kmvuqipkir875h_20261103T173000Z,"TENER CALENDARIOS REVISAR MEDIDAS, DE ORDENES",2026-11-03T13:30:00-04:00,2026-11-03T15:00:00-04:00,No,ENCARGADO DE FABRICACION,24,Otro,NONE,#a47ae2,Si,,,,,,,,,,
0hf2hucf448kd4vro5793gqfaq_20261103T180000Z,REVISION DE MESAS Y CAJAS LIMPIAS Y ORGANIDAS,2026-11-03T14:00:00-04:00,2026-11-03T14:45:00-04:00,No,ENCARGADO DE FABRICACION,24,Otro,NONE,#a47ae2,Si,,,,,,,,,,
44lod0noud7hqti6vm81v8tqmt_20261103T190000Z,IMPRIMIR-ANALIZAR FRENTES Y CARRETERES- EL DISEñO Y LAS PIEZAS ,2026-11-03T15:00:00-04:00,2026-11-03T15:45:00-04:00,No,ENCARGADO DE FABRICACION,24,Otro,NONE,#a47ae2,Si,,,,,,,,,,
4mci0naamtkbbp8gin1kv4gl7q_20261103T200000Z,IMPRIMIR-PEDIDO ACERO Y CONSUMIBLES EN ALEGRA,2026-11-03T16:00:00-04:00,2026-11-03T16:30:00-04:00,No,ENCARGADO DE FABRICACION,24,Otro,NONE,#a47ae2,Si,,,,,,,,,,
5nb8mvdcfg6j3d4pffipt18d0h_20261103T234500Z,Limpieza arriba de mesas y al rededor,2026-11-03T19:45:00-04:00,2026-11-03T20:30:00-04:00,No,ENCARGADO DE FABRICACION,24,Otro,NONE,#a47ae2,Si,,,,,,,,,,
3qb3qn8jvrkvdpeffgfvgb826o_20261104T003000Z,Calendarios de avances del dia.,2026-11-03T20:30:00-04:00,2026-11-03T21:15:00-04:00,No,ENCARGADO DE FABRICACION,24,Otro,NONE,#a47ae2,Si,,,,,,,,,,
vphofhas3s0f0hmnv6q17bj2vb_20261104T013000Z,Cuales papiros a modificar de fabricaciones.,2026-11-03T21:30:00-04:00,2026-11-03T22:15:00-04:00,No,ENCARGADO DE FABRICACION,24,Otro,NONE,#a47ae2,Si,,,,,,,,,,
27ecrt0df70icsj7626mictnjt_20261104T021500Z,Modificar papiros en la pc,2026-11-03T22:15:00-04:00,2026-11-03T23:00:00-04:00,No,ENCARGADO DE FABRICACION,24,Otro,NONE,#a47ae2,Si,,,,,,,,,,
c1rfd8udnqtfr8a15pqc99hc9f_20261104T114500Z,PEDAZOS DE TUBOS  Y ORDENES EN EL PISO,2026-11-04T07:45:00-04:00,2026-11-04T08:15:00-04:00,No,ENCARGADO DE FABRICACION,24,Otro,NONE,#a47ae2,Si,,,,,,,,Revisar no se esten quedando tubos y pedazos debajo.Que no se lleven tubos que son de separadores para el basudero. / mesa guillotina limpia / no tubo ni pedazos medio a medio. / ORDENES EN EL MEDIO DEL CAMINO QUE DIFICULTA EL CAMINAR.,"Revisar no se esten quedando tubos y pedazos debajo.Que no se lleven tubos que son de separadores para el basudero.
mesa guillotina limpia
no tubo ni pedazos medio a medio.
ORDENES EN EL MEDIO DEL CAMINO QUE DIFICULTA EL CAMINAR.",
aths67orq9j2ttgcs2vgjbech5_20261104T140000Z,tapas y macheticos CANTIDADES MININAS,2026-11-04T10:00:00-04:00,2026-11-04T11:30:00-04:00,No,ENCARGADO DE FABRICACION,24,Otro,NONE,#a47ae2,Si,,,,,,,,"DEJARLE LISTA PUESTO 8 DE CARRETERES A FABRICAR. / CONFIRMAR ANTES DE PEDIR TOLA SI NO HAY, EN EL TAMARINDO / ENVIAR PEDIDO AL TAMARINDO DE CORTES DE TAPAS, CANTIDADES. / TA-1 HIJET TA-2 TOW ACE TA-3 KIA TA-4 NV200 TA-5 COASTER TA-6 APV","DEJARLE LISTA PUESTO 8 DE CARRETERES A FABRICAR.
CONFIRMAR ANTES DE PEDIR TOLA SI NO HAY, EN EL TAMARINDO
ENVIAR PEDIDO AL TAMARINDO DE CORTES DE TAPAS, CANTIDADES.
TA-1 HIJET TA-2 TOW ACE TA-3 KIA TA-4 NV200 TA-5 COASTER TA-6 APV",
575ck05ok28gemo83n872pjrof_20261104T160000Z, -IMPRIMIR hoy reunir pulgadas de tubos perdidos,2026-11-04T12:00:00-04:00,2026-11-04T12:45:00-04:00,No,ENCARGADO DE FABRICACION,24,Otro,NONE,#a47ae2,Si,,,,,,,,,,
5e6i1ue015v2kmvuqipkir875h_20261104T173000Z,"TENER CALENDARIOS REVISAR MEDIDAS, DE ORDENES",2026-11-04T13:30:00-04:00,2026-11-04T15:00:00-04:00,No,ENCARGADO DE FABRICACION,24,Otro,NONE,#a47ae2,Si,,,,,,,,,,
44lod0noud7hqti6vm81v8tqmt_20261104T190000Z,IMPRIMIR-ANALIZAR FRENTES Y CARRETERES- EL DISEñO Y LAS PIEZAS ,2026-11-04T15:00:00-04:00,2026-11-04T15:45:00-04:00,No,ENCARGADO DE FABRICACION,24,Otro,NONE,#a47ae2,Si,,,,,,,,,,
4mci0naamtkbbp8gin1kv4gl7q_20261104T200000Z,IMPRIMIR-PEDIDO ACERO Y CONSUMIBLES EN ALEGRA,2026-11-04T16:00:00-04:00,2026-11-04T16:30:00-04:00,No,ENCARGADO DE FABRICACION,24,Otro,NONE,#a47ae2,Si,,,,,,,,,,
5nb8mvdcfg6j3d4pffipt18d0h_20261104T234500Z,Limpieza arriba de mesas y al rededor,2026-11-04T19:45:00-04:00,2026-11-04T20:30:00-04:00,No,ENCARGADO DE FABRICACION,24,Otro,NONE,#a47ae2,Si,,,,,,,,,,
3qb3qn8jvrkvdpeffgfvgb826o_20261105T003000Z,Calendarios de avances del dia.,2026-11-04T20:30:00-04:00,2026-11-04T21:15:00-04:00,No,ENCARGADO DE FABRICACION,24,Otro,NONE,#a47ae2,Si,,,,,,,,,,
vphofhas3s0f0hmnv6q17bj2vb_20261105T013000Z,Cuales papiros a modificar de fabricaciones.,2026-11-04T21:30:00-04:00,2026-11-04T22:15:00-04:00,No,ENCARGADO DE FABRICACION,24,Otro,NONE,#a47ae2,Si,,,,,,,,,,
27ecrt0df70icsj7626mictnjt_20261105T021500Z,Modificar papiros en la pc,2026-11-04T22:15:00-04:00,2026-11-04T23:00:00-04:00,No,ENCARGADO DE FABRICACION,24,Otro,NONE,#a47ae2,Si,,,,,,,,,,
c1rfd8udnqtfr8a15pqc99hc9f_20261105T114500Z,PEDAZOS DE TUBOS  Y ORDENES EN EL PISO,2026-11-05T07:45:00-04:00,2026-11-05T08:15:00-04:00,No,ENCARGADO DE FABRICACION,24,Otro,NONE,#a47ae2,Si,,,,,,,,Revisar no se esten quedando tubos y pedazos debajo.Que no se lleven tubos que son de separadores para el basudero. / mesa guillotina limpia / no tubo ni pedazos medio a medio. / ORDENES EN EL MEDIO DEL CAMINO QUE DIFICULTA EL CAMINAR.,"Revisar no se esten quedando tubos y pedazos debajo.Que no se lleven tubos que son de separadores para el basudero.
mesa guillotina limpia
no tubo ni pedazos medio a medio.
ORDENES EN EL MEDIO DEL CAMINO QUE DIFICULTA EL CAMINAR.",
575ck05ok28gemo83n872pjrof_20261105T160000Z, -IMPRIMIR hoy reunir pulgadas de tubos perdidos,2026-11-05T12:00:00-04:00,2026-11-05T12:45:00-04:00,No,ENCARGADO DE FABRICACION,24,Otro,NONE,#a47ae2,Si,,,,,,,,,,
5e6i1ue015v2kmvuqipkir875h_20261105T173000Z,"TENER CALENDARIOS REVISAR MEDIDAS, DE ORDENES",2026-11-05T13:30:00-04:00,2026-11-05T15:00:00-04:00,No,ENCARGADO DE FABRICACION,24,Otro,NONE,#a47ae2,Si,,,,,,,,,,
44lod0noud7hqti6vm81v8tqmt_20261105T190000Z,IMPRIMIR-ANALIZAR FRENTES Y CARRETERES- EL DISEñO Y LAS PIEZAS ,2026-11-05T15:00:00-04:00,2026-11-05T15:45:00-04:00,No,ENCARGADO DE FABRICACION,24,Otro,NONE,#a47ae2,Si,,,,,,,,,,
4mci0naamtkbbp8gin1kv4gl7q_20261105T200000Z,IMPRIMIR-PEDIDO ACERO Y CONSUMIBLES EN ALEGRA,2026-11-05T16:00:00-04:00,2026-11-05T16:30:00-04:00,No,ENCARGADO DE FABRICACION,24,Otro,NONE,#a47ae2,Si,,,,,,,,,,
5nb8mvdcfg6j3d4pffipt18d0h_20261105T234500Z,Limpieza arriba de mesas y al rededor,2026-11-05T19:45:00-04:00,2026-11-05T20:30:00-04:00,No,ENCARGADO DE FABRICACION,24,Otro,NONE,#a47ae2,Si,,,,,,,,,,
4hb8def5jk9c0fppan23o67k63_20261106T000000Z,Revision mensual del puesto 13,2026-11-05T20:00:00-04:00,2026-11-05T20:45:00-04:00,No,ENCARGADO DE FABRICACION,24,Otro,NONE,#a47ae2,Si,,,,,,,,llenar estos datos para puesto de doblador de ordenes todos los meses,llenar estos datos para puesto de doblador de ordenes todos los meses,
3qb3qn8jvrkvdpeffgfvgb826o_20261106T003000Z,Calendarios de avances del dia.,2026-11-05T20:30:00-04:00,2026-11-05T21:15:00-04:00,No,ENCARGADO DE FABRICACION,24,Otro,NONE,#a47ae2,Si,,,,,,,,,,
vphofhas3s0f0hmnv6q17bj2vb_20261106T013000Z,Cuales papiros a modificar de fabricaciones.,2026-11-05T21:30:00-04:00,2026-11-05T22:15:00-04:00,No,ENCARGADO DE FABRICACION,24,Otro,NONE,#a47ae2,Si,,,,,,,,,,
27ecrt0df70icsj7626mictnjt_20261106T021500Z,Modificar papiros en la pc,2026-11-05T22:15:00-04:00,2026-11-05T23:00:00-04:00,No,ENCARGADO DE FABRICACION,24,Otro,NONE,#a47ae2,Si,,,,,,,,,,
c1rfd8udnqtfr8a15pqc99hc9f_20261106T114500Z,PEDAZOS DE TUBOS  Y ORDENES EN EL PISO,2026-11-06T07:45:00-04:00,2026-11-06T08:15:00-04:00,No,ENCARGADO DE FABRICACION,24,Otro,NONE,#a47ae2,Si,,,,,,,,Revisar no se esten quedando tubos y pedazos debajo.Que no se lleven tubos que son de separadores para el basudero. / mesa guillotina limpia / no tubo ni pedazos medio a medio. / ORDENES EN EL MEDIO DEL CAMINO QUE DIFICULTA EL CAMINAR.,"Revisar no se esten quedando tubos y pedazos debajo.Que no se lleven tubos que son de separadores para el basudero.
mesa guillotina limpia
no tubo ni pedazos medio a medio.
ORDENES EN EL MEDIO DEL CAMINO QUE DIFICULTA EL CAMINAR.",
aths67orq9j2ttgcs2vgjbech5_20261106T140000Z,tapas y macheticos CANTIDADES MININAS,2026-11-06T10:00:00-04:00,2026-11-06T11:30:00-04:00,No,ENCARGADO DE FABRICACION,24,Otro,NONE,#a47ae2,Si,,,,,,,,"DEJARLE LISTA PUESTO 8 DE CARRETERES A FABRICAR. / CONFIRMAR ANTES DE PEDIR TOLA SI NO HAY, EN EL TAMARINDO / ENVIAR PEDIDO AL TAMARINDO DE CORTES DE TAPAS, CANTIDADES. / TA-1 HIJET TA-2 TOW ACE TA-3 KIA TA-4 NV200 TA-5 COASTER TA-6 APV","DEJARLE LISTA PUESTO 8 DE CARRETERES A FABRICAR.
CONFIRMAR ANTES DE PEDIR TOLA SI NO HAY, EN EL TAMARINDO
ENVIAR PEDIDO AL TAMARINDO DE CORTES DE TAPAS, CANTIDADES.
TA-1 HIJET TA-2 TOW ACE TA-3 KIA TA-4 NV200 TA-5 COASTER TA-6 APV",
575ck05ok28gemo83n872pjrof_20261106T160000Z, -IMPRIMIR hoy reunir pulgadas de tubos perdidos,2026-11-06T12:00:00-04:00,2026-11-06T12:45:00-04:00,No,ENCARGADO DE FABRICACION,24,Otro,NONE,#a47ae2,Si,,,,,,,,,,
1sibbnnqvpsbjdmae39p82gksv_20261106T170000Z,Ollos en tapas esten bien antes de armar carreter,2026-11-06T13:00:00-04:00,2026-11-06T13:30:00-04:00,No,ENCARGADO DE FABRICACION,24,Otro,NONE,#a47ae2,Si,,,,,,,,,,
5e6i1ue015v2kmvuqipkir875h_20261106T173000Z,"TENER CALENDARIOS REVISAR MEDIDAS, DE ORDENES",2026-11-06T13:30:00-04:00,2026-11-06T15:00:00-04:00,No,ENCARGADO DE FABRICACION,24,Otro,NONE,#a47ae2,Si,,,,,,,,,,
44lod0noud7hqti6vm81v8tqmt_20261106T190000Z,IMPRIMIR-ANALIZAR FRENTES Y CARRETERES- EL DISEñO Y LAS PIEZAS ,2026-11-06T15:00:00-04:00,2026-11-06T15:45:00-04:00,No,ENCARGADO DE FABRICACION,24,Otro,NONE,#a47ae2,Si,,,,,,,,,,
4mci0naamtkbbp8gin1kv4gl7q_20261106T200000Z,IMPRIMIR-PEDIDO ACERO Y CONSUMIBLES EN ALEGRA,2026-11-06T16:00:00-04:00,2026-11-06T16:30:00-04:00,No,ENCARGADO DE FABRICACION,24,Otro,NONE,#a47ae2,Si,,,,,,,,,,
5nb8mvdcfg6j3d4pffipt18d0h_20261106T234500Z,Limpieza arriba de mesas y al rededor,2026-11-06T19:45:00-04:00,2026-11-06T20:30:00-04:00,No,ENCARGADO DE FABRICACION,24,Otro,NONE,#a47ae2,Si,,,,,,,,,,
3qb3qn8jvrkvdpeffgfvgb826o_20261107T003000Z,Calendarios de avances del dia.,2026-11-06T20:30:00-04:00,2026-11-06T21:15:00-04:00,No,ENCARGADO DE FABRICACION,24,Otro,NONE,#a47ae2,Si,,,,,,,,,,
vphofhas3s0f0hmnv6q17bj2vb_20261107T013000Z,Cuales papiros a modificar de fabricaciones.,2026-11-06T21:30:00-04:00,2026-11-06T22:15:00-04:00,No,ENCARGADO DE FABRICACION,24,Otro,NONE,#a47ae2,Si,,,,,,,,,,
27ecrt0df70icsj7626mictnjt_20261107T021500Z,Modificar papiros en la pc,2026-11-06T22:15:00-04:00,2026-11-06T23:00:00-04:00,No,ENCARGADO DE FABRICACION,24,Otro,NONE,#a47ae2,Si,,,,,,,,,,
c1rfd8udnqtfr8a15pqc99hc9f_20261107T114500Z,PEDAZOS DE TUBOS  Y ORDENES EN EL PISO,2026-11-07T07:45:00-04:00,2026-11-07T08:15:00-04:00,No,ENCARGADO DE FABRICACION,24,Otro,NONE,#a47ae2,Si,,,,,,,,Revisar no se esten quedando tubos y pedazos debajo.Que no se lleven tubos que son de separadores para el basudero. / mesa guillotina limpia / no tubo ni pedazos medio a medio. / ORDENES EN EL MEDIO DEL CAMINO QUE DIFICULTA EL CAMINAR.,"Revisar no se esten quedando tubos y pedazos debajo.Que no se lleven tubos que son de separadores para el basudero.
mesa guillotina limpia
no tubo ni pedazos medio a medio.
ORDENES EN EL MEDIO DEL CAMINO QUE DIFICULTA EL CAMINAR.",
5e6i1ue015v2kmvuqipkir875h_20261107T173000Z,"TENER CALENDARIOS REVISAR MEDIDAS, DE ORDENES",2026-11-07T13:30:00-04:00,2026-11-07T15:00:00-04:00,No,ENCARGADO DE FABRICACION,24,Otro,NONE,#a47ae2,Si,,,,,,,,,,
6dh62chhc9h3gbb46dj32b9kcph34bb1c4r3eb9l6gs32o9kc4q34dpi6k_20261108T223000Z,Poner colores de guías para doblar y cortar y números,2026-11-08T18:30:00-04:00,2026-11-08T19:15:00-04:00,No,ENCARGADO DE FABRICACION,24,Otro,NONE,#a47ae2,Si,,,,,,,,1- dar colores a troqueles dobladora / 2- colores a tubos que son iguales a troqueles / 3- remarcar número a muestrario de tubos y planchuela / 4- colores a tubos de muestrario,"1- dar colores a troqueles dobladora
2- colores a tubos que son iguales a troqueles
3- remarcar número a muestrario de tubos y planchuela
4- colores a tubos de muestrario",
c1rfd8udnqtfr8a15pqc99hc9f_20261109T114500Z,PEDAZOS DE TUBOS  Y ORDENES EN EL PISO,2026-11-09T07:45:00-04:00,2026-11-09T08:15:00-04:00,No,ENCARGADO DE FABRICACION,24,Otro,NONE,#a47ae2,Si,,,,,,,,Revisar no se esten quedando tubos y pedazos debajo.Que no se lleven tubos que son de separadores para el basudero. / mesa guillotina limpia / no tubo ni pedazos medio a medio. / ORDENES EN EL MEDIO DEL CAMINO QUE DIFICULTA EL CAMINAR.,"Revisar no se esten quedando tubos y pedazos debajo.Que no se lleven tubos que son de separadores para el basudero.
mesa guillotina limpia
no tubo ni pedazos medio a medio.
ORDENES EN EL MEDIO DEL CAMINO QUE DIFICULTA EL CAMINAR.",
aths67orq9j2ttgcs2vgjbech5_20261109T140000Z,tapas y macheticos CANTIDADES MININAS,2026-11-09T10:00:00-04:00,2026-11-09T11:30:00-04:00,No,ENCARGADO DE FABRICACION,24,Otro,NONE,#a47ae2,Si,,,,,,,,"DEJARLE LISTA PUESTO 8 DE CARRETERES A FABRICAR. / CONFIRMAR ANTES DE PEDIR TOLA SI NO HAY, EN EL TAMARINDO / ENVIAR PEDIDO AL TAMARINDO DE CORTES DE TAPAS, CANTIDADES. / TA-1 HIJET TA-2 TOW ACE TA-3 KIA TA-4 NV200 TA-5 COASTER TA-6 APV","DEJARLE LISTA PUESTO 8 DE CARRETERES A FABRICAR.
CONFIRMAR ANTES DE PEDIR TOLA SI NO HAY, EN EL TAMARINDO
ENVIAR PEDIDO AL TAMARINDO DE CORTES DE TAPAS, CANTIDADES.
TA-1 HIJET TA-2 TOW ACE TA-3 KIA TA-4 NV200 TA-5 COASTER TA-6 APV",
575ck05ok28gemo83n872pjrof_20261109T160000Z, -IMPRIMIR hoy reunir pulgadas de tubos perdidos,2026-11-09T12:00:00-04:00,2026-11-09T12:45:00-04:00,No,ENCARGADO DE FABRICACION,24,Otro,NONE,#a47ae2,Si,,,,,,,,,,
5e6i1ue015v2kmvuqipkir875h_20261109T173000Z,"TENER CALENDARIOS REVISAR MEDIDAS, DE ORDENES",2026-11-09T13:30:00-04:00,2026-11-09T15:00:00-04:00,No,ENCARGADO DE FABRICACION,24,Otro,NONE,#a47ae2,Si,,,,,,,,,,
44lod0noud7hqti6vm81v8tqmt_20261109T190000Z,IMPRIMIR-ANALIZAR FRENTES Y CARRETERES- EL DISEñO Y LAS PIEZAS ,2026-11-09T15:00:00-04:00,2026-11-09T15:45:00-04:00,No,ENCARGADO DE FABRICACION,24,Otro,NONE,#a47ae2,Si,,,,,,,,,,
4mci0naamtkbbp8gin1kv4gl7q_20261109T200000Z,IMPRIMIR-PEDIDO ACERO Y CONSUMIBLES EN ALEGRA,2026-11-09T16:00:00-04:00,2026-11-09T16:30:00-04:00,No,ENCARGADO DE FABRICACION,24,Otro,NONE,#a47ae2,Si,,,,,,,,,,
5nb8mvdcfg6j3d4pffipt18d0h_20261109T234500Z,Limpieza arriba de mesas y al rededor,2026-11-09T19:45:00-04:00,2026-11-09T20:30:00-04:00,No,ENCARGADO DE FABRICACION,24,Otro,NONE,#a47ae2,Si,,,,,,,,,,
4hb8def5jk9c0fppan23o67k63_20261110T000000Z,Revision mensual del puesto 13,2026-11-09T20:00:00-04:00,2026-11-09T20:45:00-04:00,No,ENCARGADO DE FABRICACION,24,Otro,NONE,#a47ae2,Si,,,,,,,,llenar estos datos para puesto de doblador de ordenes todos los meses,llenar estos datos para puesto de doblador de ordenes todos los meses,
3qb3qn8jvrkvdpeffgfvgb826o_20261110T003000Z,Calendarios de avances del dia.,2026-11-09T20:30:00-04:00,2026-11-09T21:15:00-04:00,No,ENCARGADO DE FABRICACION,24,Otro,NONE,#a47ae2,Si,,,,,,,,,,
vphofhas3s0f0hmnv6q17bj2vb_20261110T013000Z,Cuales papiros a modificar de fabricaciones.,2026-11-09T21:30:00-04:00,2026-11-09T22:15:00-04:00,No,ENCARGADO DE FABRICACION,24,Otro,NONE,#a47ae2,Si,,,,,,,,,,
27ecrt0df70icsj7626mictnjt_20261110T021500Z,Modificar papiros en la pc,2026-11-09T22:15:00-04:00,2026-11-09T23:00:00-04:00,No,ENCARGADO DE FABRICACION,24,Otro,NONE,#a47ae2,Si,,,,,,,,,,
c1rfd8udnqtfr8a15pqc99hc9f_20261110T114500Z,PEDAZOS DE TUBOS  Y ORDENES EN EL PISO,2026-11-10T07:45:00-04:00,2026-11-10T08:15:00-04:00,No,ENCARGADO DE FABRICACION,24,Otro,NONE,#a47ae2,Si,,,,,,,,Revisar no se esten quedando tubos y pedazos debajo.Que no se lleven tubos que son de separadores para el basudero. / mesa guillotina limpia / no tubo ni pedazos medio a medio. / ORDENES EN EL MEDIO DEL CAMINO QUE DIFICULTA EL CAMINAR.,"Revisar no se esten quedando tubos y pedazos debajo.Que no se lleven tubos que son de separadores para el basudero.
mesa guillotina limpia
no tubo ni pedazos medio a medio.
ORDENES EN EL MEDIO DEL CAMINO QUE DIFICULTA EL CAMINAR.",
575ck05ok28gemo83n872pjrof_20261110T160000Z, -IMPRIMIR hoy reunir pulgadas de tubos perdidos,2026-11-10T12:00:00-04:00,2026-11-10T12:45:00-04:00,No,ENCARGADO DE FABRICACION,24,Otro,NONE,#a47ae2,Si,,,,,,,,,,
1sibbnnqvpsbjdmae39p82gksv_20261110T170000Z,Ollos en tapas esten bien antes de armar carreter,2026-11-10T13:00:00-04:00,2026-11-10T13:30:00-04:00,No,ENCARGADO DE FABRICACION,24,Otro,NONE,#a47ae2,Si,,,,,,,,,,
5e6i1ue015v2kmvuqipkir875h_20261110T173000Z,"TENER CALENDARIOS REVISAR MEDIDAS, DE ORDENES",2026-11-10T13:30:00-04:00,2026-11-10T15:00:00-04:00,No,ENCARGADO DE FABRICACION,24,Otro,NONE,#a47ae2,Si,,,,,,,,,,
0hf2hucf448kd4vro5793gqfaq_20261110T180000Z,REVISION DE MESAS Y CAJAS LIMPIAS Y ORGANIDAS,2026-11-10T14:00:00-04:00,2026-11-10T14:45:00-04:00,No,ENCARGADO DE FABRICACION,24,Otro,NONE,#a47ae2,Si,,,,,,,,,,
44lod0noud7hqti6vm81v8tqmt_20261110T190000Z,IMPRIMIR-ANALIZAR FRENTES Y CARRETERES- EL DISEñO Y LAS PIEZAS ,2026-11-10T15:00:00-04:00,2026-11-10T15:45:00-04:00,No,ENCARGADO DE FABRICACION,24,Otro,NONE,#a47ae2,Si,,,,,,,,,,
4mci0naamtkbbp8gin1kv4gl7q_20261110T200000Z,IMPRIMIR-PEDIDO ACERO Y CONSUMIBLES EN ALEGRA,2026-11-10T16:00:00-04:00,2026-11-10T16:30:00-04:00,No,ENCARGADO DE FABRICACION,24,Otro,NONE,#a47ae2,Si,,,,,,,,,,
5nb8mvdcfg6j3d4pffipt18d0h_20261110T234500Z,Limpieza arriba de mesas y al rededor,2026-11-10T19:45:00-04:00,2026-11-10T20:30:00-04:00,No,ENCARGADO DE FABRICACION,24,Otro,NONE,#a47ae2,Si,,,,,,,,,,
3qb3qn8jvrkvdpeffgfvgb826o_20261111T003000Z,Calendarios de avances del dia.,2026-11-10T20:30:00-04:00,2026-11-10T21:15:00-04:00,No,ENCARGADO DE FABRICACION,24,Otro,NONE,#a47ae2,Si,,,,,,,,,,
vphofhas3s0f0hmnv6q17bj2vb_20261111T013000Z,Cuales papiros a modificar de fabricaciones.,2026-11-10T21:30:00-04:00,2026-11-10T22:15:00-04:00,No,ENCARGADO DE FABRICACION,24,Otro,NONE,#a47ae2,Si,,,,,,,,,,
27ecrt0df70icsj7626mictnjt_20261111T021500Z,Modificar papiros en la pc,2026-11-10T22:15:00-04:00,2026-11-10T23:00:00-04:00,No,ENCARGADO DE FABRICACION,24,Otro,NONE,#a47ae2,Si,,,,,,,,,,
c1rfd8udnqtfr8a15pqc99hc9f_20261111T114500Z,PEDAZOS DE TUBOS  Y ORDENES EN EL PISO,2026-11-11T07:45:00-04:00,2026-11-11T08:15:00-04:00,No,ENCARGADO DE FABRICACION,24,Otro,NONE,#a47ae2,Si,,,,,,,,Revisar no se esten quedando tubos y pedazos debajo.Que no se lleven tubos que son de separadores para el basudero. / mesa guillotina limpia / no tubo ni pedazos medio a medio. / ORDENES EN EL MEDIO DEL CAMINO QUE DIFICULTA EL CAMINAR.,"Revisar no se esten quedando tubos y pedazos debajo.Que no se lleven tubos que son de separadores para el basudero.
mesa guillotina limpia
no tubo ni pedazos medio a medio.
ORDENES EN EL MEDIO DEL CAMINO QUE DIFICULTA EL CAMINAR.",
aths67orq9j2ttgcs2vgjbech5_20261111T140000Z,tapas y macheticos CANTIDADES MININAS,2026-11-11T10:00:00-04:00,2026-11-11T11:30:00-04:00,No,ENCARGADO DE FABRICACION,24,Otro,NONE,#a47ae2,Si,,,,,,,,"DEJARLE LISTA PUESTO 8 DE CARRETERES A FABRICAR. / CONFIRMAR ANTES DE PEDIR TOLA SI NO HAY, EN EL TAMARINDO / ENVIAR PEDIDO AL TAMARINDO DE CORTES DE TAPAS, CANTIDADES. / TA-1 HIJET TA-2 TOW ACE TA-3 KIA TA-4 NV200 TA-5 COASTER TA-6 APV","DEJARLE LISTA PUESTO 8 DE CARRETERES A FABRICAR.
CONFIRMAR ANTES DE PEDIR TOLA SI NO HAY, EN EL TAMARINDO
ENVIAR PEDIDO AL TAMARINDO DE CORTES DE TAPAS, CANTIDADES.
TA-1 HIJET TA-2 TOW ACE TA-3 KIA TA-4 NV200 TA-5 COASTER TA-6 APV",
575ck05ok28gemo83n872pjrof_20261111T160000Z, -IMPRIMIR hoy reunir pulgadas de tubos perdidos,2026-11-11T12:00:00-04:00,2026-11-11T12:45:00-04:00,No,ENCARGADO DE FABRICACION,24,Otro,NONE,#a47ae2,Si,,,,,,,,,,
5e6i1ue015v2kmvuqipkir875h_20261111T173000Z,"TENER CALENDARIOS REVISAR MEDIDAS, DE ORDENES",2026-11-11T13:30:00-04:00,2026-11-11T15:00:00-04:00,No,ENCARGADO DE FABRICACION,24,Otro,NONE,#a47ae2,Si,,,,,,,,,,
44lod0noud7hqti6vm81v8tqmt_20261111T190000Z,IMPRIMIR-ANALIZAR FRENTES Y CARRETERES- EL DISEñO Y LAS PIEZAS ,2026-11-11T15:00:00-04:00,2026-11-11T15:45:00-04:00,No,ENCARGADO DE FABRICACION,24,Otro,NONE,#a47ae2,Si,,,,,,,,,,
4mci0naamtkbbp8gin1kv4gl7q_20261111T200000Z,IMPRIMIR-PEDIDO ACERO Y CONSUMIBLES EN ALEGRA,2026-11-11T16:00:00-04:00,2026-11-11T16:30:00-04:00,No,ENCARGADO DE FABRICACION,24,Otro,NONE,#a47ae2,Si,,,,,,,,,,
5nb8mvdcfg6j3d4pffipt18d0h_20261111T234500Z,Limpieza arriba de mesas y al rededor,2026-11-11T19:45:00-04:00,2026-11-11T20:30:00-04:00,No,ENCARGADO DE FABRICACION,24,Otro,NONE,#a47ae2,Si,,,,,,,,,,
3qb3qn8jvrkvdpeffgfvgb826o_20261112T003000Z,Calendarios de avances del dia.,2026-11-11T20:30:00-04:00,2026-11-11T21:15:00-04:00,No,ENCARGADO DE FABRICACION,24,Otro,NONE,#a47ae2,Si,,,,,,,,,,
vphofhas3s0f0hmnv6q17bj2vb_20261112T013000Z,Cuales papiros a modificar de fabricaciones.,2026-11-11T21:30:00-04:00,2026-11-11T22:15:00-04:00,No,ENCARGADO DE FABRICACION,24,Otro,NONE,#a47ae2,Si,,,,,,,,,,
27ecrt0df70icsj7626mictnjt_20261112T021500Z,Modificar papiros en la pc,2026-11-11T22:15:00-04:00,2026-11-11T23:00:00-04:00,No,ENCARGADO DE FABRICACION,24,Otro,NONE,#a47ae2,Si,,,,,,,,,,
c1rfd8udnqtfr8a15pqc99hc9f_20261112T114500Z,PEDAZOS DE TUBOS  Y ORDENES EN EL PISO,2026-11-12T07:45:00-04:00,2026-11-12T08:15:00-04:00,No,ENCARGADO DE FABRICACION,24,Otro,NONE,#a47ae2,Si,,,,,,,,Revisar no se esten quedando tubos y pedazos debajo.Que no se lleven tubos que son de separadores para el basudero. / mesa guillotina limpia / no tubo ni pedazos medio a medio. / ORDENES EN EL MEDIO DEL CAMINO QUE DIFICULTA EL CAMINAR.,"Revisar no se esten quedando tubos y pedazos debajo.Que no se lleven tubos que son de separadores para el basudero.
mesa guillotina limpia
no tubo ni pedazos medio a medio.
ORDENES EN EL MEDIO DEL CAMINO QUE DIFICULTA EL CAMINAR.",
575ck05ok28gemo83n872pjrof_20261112T160000Z, -IMPRIMIR hoy reunir pulgadas de tubos perdidos,2026-11-12T12:00:00-04:00,2026-11-12T12:45:00-04:00,No,ENCARGADO DE FABRICACION,24,Otro,NONE,#a47ae2,Si,,,,,,,,,,
5e6i1ue015v2kmvuqipkir875h_20261112T173000Z,"TENER CALENDARIOS REVISAR MEDIDAS, DE ORDENES",2026-11-12T13:30:00-04:00,2026-11-12T15:00:00-04:00,No,ENCARGADO DE FABRICACION,24,Otro,NONE,#a47ae2,Si,,,,,,,,,,
44lod0noud7hqti6vm81v8tqmt_20261112T190000Z,IMPRIMIR-ANALIZAR FRENTES Y CARRETERES- EL DISEñO Y LAS PIEZAS ,2026-11-12T15:00:00-04:00,2026-11-12T15:45:00-04:00,No,ENCARGADO DE FABRICACION,24,Otro,NONE,#a47ae2,Si,,,,,,,,,,
4mci0naamtkbbp8gin1kv4gl7q_20261112T200000Z,IMPRIMIR-PEDIDO ACERO Y CONSUMIBLES EN ALEGRA,2026-11-12T16:00:00-04:00,2026-11-12T16:30:00-04:00,No,ENCARGADO DE FABRICACION,24,Otro,NONE,#a47ae2,Si,,,,,,,,,,
5nb8mvdcfg6j3d4pffipt18d0h_20261112T234500Z,Limpieza arriba de mesas y al rededor,2026-11-12T19:45:00-04:00,2026-11-12T20:30:00-04:00,No,ENCARGADO DE FABRICACION,24,Otro,NONE,#a47ae2,Si,,,,,,,,,,
4hb8def5jk9c0fppan23o67k63_20261113T000000Z,Revision mensual del puesto 13,2026-11-12T20:00:00-04:00,2026-11-12T20:45:00-04:00,No,ENCARGADO DE FABRICACION,24,Otro,NONE,#a47ae2,Si,,,,,,,,llenar estos datos para puesto de doblador de ordenes todos los meses,llenar estos datos para puesto de doblador de ordenes todos los meses,
3qb3qn8jvrkvdpeffgfvgb826o_20261113T003000Z,Calendarios de avances del dia.,2026-11-12T20:30:00-04:00,2026-11-12T21:15:00-04:00,No,ENCARGADO DE FABRICACION,24,Otro,NONE,#a47ae2,Si,,,,,,,,,,
vphofhas3s0f0hmnv6q17bj2vb_20261113T013000Z,Cuales papiros a modificar de fabricaciones.,2026-11-12T21:30:00-04:00,2026-11-12T22:15:00-04:00,No,ENCARGADO DE FABRICACION,24,Otro,NONE,#a47ae2,Si,,,,,,,,,,
27ecrt0df70icsj7626mictnjt_20261113T021500Z,Modificar papiros en la pc,2026-11-12T22:15:00-04:00,2026-11-12T23:00:00-04:00,No,ENCARGADO DE FABRICACION,24,Otro,NONE,#a47ae2,Si,,,,,,,,,,
c1rfd8udnqtfr8a15pqc99hc9f_20261113T114500Z,PEDAZOS DE TUBOS  Y ORDENES EN EL PISO,2026-11-13T07:45:00-04:00,2026-11-13T08:15:00-04:00,No,ENCARGADO DE FABRICACION,24,Otro,NONE,#a47ae2,Si,,,,,,,,Revisar no se esten quedando tubos y pedazos debajo.Que no se lleven tubos que son de separadores para el basudero. / mesa guillotina limpia / no tubo ni pedazos medio a medio. / ORDENES EN EL MEDIO DEL CAMINO QUE DIFICULTA EL CAMINAR.,"Revisar no se esten quedando tubos y pedazos debajo.Que no se lleven tubos que son de separadores para el basudero.
mesa guillotina limpia
no tubo ni pedazos medio a medio.
ORDENES EN EL MEDIO DEL CAMINO QUE DIFICULTA EL CAMINAR.",
aths67orq9j2ttgcs2vgjbech5_20261113T140000Z,tapas y macheticos CANTIDADES MININAS,2026-11-13T10:00:00-04:00,2026-11-13T11:30:00-04:00,No,ENCARGADO DE FABRICACION,24,Otro,NONE,#a47ae2,Si,,,,,,,,"DEJARLE LISTA PUESTO 8 DE CARRETERES A FABRICAR. / CONFIRMAR ANTES DE PEDIR TOLA SI NO HAY, EN EL TAMARINDO / ENVIAR PEDIDO AL TAMARINDO DE CORTES DE TAPAS, CANTIDADES. / TA-1 HIJET TA-2 TOW ACE TA-3 KIA TA-4 NV200 TA-5 COASTER TA-6 APV","DEJARLE LISTA PUESTO 8 DE CARRETERES A FABRICAR.
CONFIRMAR ANTES DE PEDIR TOLA SI NO HAY, EN EL TAMARINDO
ENVIAR PEDIDO AL TAMARINDO DE CORTES DE TAPAS, CANTIDADES.
TA-1 HIJET TA-2 TOW ACE TA-3 KIA TA-4 NV200 TA-5 COASTER TA-6 APV",
575ck05ok28gemo83n872pjrof_20261113T160000Z, -IMPRIMIR hoy reunir pulgadas de tubos perdidos,2026-11-13T12:00:00-04:00,2026-11-13T12:45:00-04:00,No,ENCARGADO DE FABRICACION,24,Otro,NONE,#a47ae2,Si,,,,,,,,,,
1sibbnnqvpsbjdmae39p82gksv_20261113T170000Z,Ollos en tapas esten bien antes de armar carreter,2026-11-13T13:00:00-04:00,2026-11-13T13:30:00-04:00,No,ENCARGADO DE FABRICACION,24,Otro,NONE,#a47ae2,Si,,,,,,,,,,
5e6i1ue015v2kmvuqipkir875h_20261113T173000Z,"TENER CALENDARIOS REVISAR MEDIDAS, DE ORDENES",2026-11-13T13:30:00-04:00,2026-11-13T15:00:00-04:00,No,ENCARGADO DE FABRICACION,24,Otro,NONE,#a47ae2,Si,,,,,,,,,,
44lod0noud7hqti6vm81v8tqmt_20261113T190000Z,IMPRIMIR-ANALIZAR FRENTES Y CARRETERES- EL DISEñO Y LAS PIEZAS ,2026-11-13T15:00:00-04:00,2026-11-13T15:45:00-04:00,No,ENCARGADO DE FABRICACION,24,Otro,NONE,#a47ae2,Si,,,,,,,,,,
4mci0naamtkbbp8gin1kv4gl7q_20261113T200000Z,IMPRIMIR-PEDIDO ACERO Y CONSUMIBLES EN ALEGRA,2026-11-13T16:00:00-04:00,2026-11-13T16:30:00-04:00,No,ENCARGADO DE FABRICACION,24,Otro,NONE,#a47ae2,Si,,,,,,,,,,
5nb8mvdcfg6j3d4pffipt18d0h_20261113T234500Z,Limpieza arriba de mesas y al rededor,2026-11-13T19:45:00-04:00,2026-11-13T20:30:00-04:00,No,ENCARGADO DE FABRICACION,24,Otro,NONE,#a47ae2,Si,,,,,,,,,,
3qb3qn8jvrkvdpeffgfvgb826o_20261114T003000Z,Calendarios de avances del dia.,2026-11-13T20:30:00-04:00,2026-11-13T21:15:00-04:00,No,ENCARGADO DE FABRICACION,24,Otro,NONE,#a47ae2,Si,,,,,,,,,,
vphofhas3s0f0hmnv6q17bj2vb_20261114T013000Z,Cuales papiros a modificar de fabricaciones.,2026-11-13T21:30:00-04:00,2026-11-13T22:15:00-04:00,No,ENCARGADO DE FABRICACION,24,Otro,NONE,#a47ae2,Si,,,,,,,,,,
27ecrt0df70icsj7626mictnjt_20261114T021500Z,Modificar papiros en la pc,2026-11-13T22:15:00-04:00,2026-11-13T23:00:00-04:00,No,ENCARGADO DE FABRICACION,24,Otro,NONE,#a47ae2,Si,,,,,,,,,,
c1rfd8udnqtfr8a15pqc99hc9f_20261114T114500Z,PEDAZOS DE TUBOS  Y ORDENES EN EL PISO,2026-11-14T07:45:00-04:00,2026-11-14T08:15:00-04:00,No,ENCARGADO DE FABRICACION,24,Otro,NONE,#a47ae2,Si,,,,,,,,Revisar no se esten quedando tubos y pedazos debajo.Que no se lleven tubos que son de separadores para el basudero. / mesa guillotina limpia / no tubo ni pedazos medio a medio. / ORDENES EN EL MEDIO DEL CAMINO QUE DIFICULTA EL CAMINAR.,"Revisar no se esten quedando tubos y pedazos debajo.Que no se lleven tubos que son de separadores para el basudero.
mesa guillotina limpia
no tubo ni pedazos medio a medio.
ORDENES EN EL MEDIO DEL CAMINO QUE DIFICULTA EL CAMINAR.",
5e6i1ue015v2kmvuqipkir875h_20261114T173000Z,"TENER CALENDARIOS REVISAR MEDIDAS, DE ORDENES",2026-11-14T13:30:00-04:00,2026-11-14T15:00:00-04:00,No,ENCARGADO DE FABRICACION,24,Otro,NONE,#a47ae2,Si,,,,,,,,,,
c1rfd8udnqtfr8a15pqc99hc9f_20261116T114500Z,PEDAZOS DE TUBOS  Y ORDENES EN EL PISO,2026-11-16T07:45:00-04:00,2026-11-16T08:15:00-04:00,No,ENCARGADO DE FABRICACION,24,Otro,NONE,#a47ae2,Si,,,,,,,,Revisar no se esten quedando tubos y pedazos debajo.Que no se lleven tubos que son de separadores para el basudero. / mesa guillotina limpia / no tubo ni pedazos medio a medio. / ORDENES EN EL MEDIO DEL CAMINO QUE DIFICULTA EL CAMINAR.,"Revisar no se esten quedando tubos y pedazos debajo.Que no se lleven tubos que son de separadores para el basudero.
mesa guillotina limpia
no tubo ni pedazos medio a medio.
ORDENES EN EL MEDIO DEL CAMINO QUE DIFICULTA EL CAMINAR.",
aths67orq9j2ttgcs2vgjbech5_20261116T140000Z,tapas y macheticos CANTIDADES MININAS,2026-11-16T10:00:00-04:00,2026-11-16T11:30:00-04:00,No,ENCARGADO DE FABRICACION,24,Otro,NONE,#a47ae2,Si,,,,,,,,"DEJARLE LISTA PUESTO 8 DE CARRETERES A FABRICAR. / CONFIRMAR ANTES DE PEDIR TOLA SI NO HAY, EN EL TAMARINDO / ENVIAR PEDIDO AL TAMARINDO DE CORTES DE TAPAS, CANTIDADES. / TA-1 HIJET TA-2 TOW ACE TA-3 KIA TA-4 NV200 TA-5 COASTER TA-6 APV","DEJARLE LISTA PUESTO 8 DE CARRETERES A FABRICAR.
CONFIRMAR ANTES DE PEDIR TOLA SI NO HAY, EN EL TAMARINDO
ENVIAR PEDIDO AL TAMARINDO DE CORTES DE TAPAS, CANTIDADES.
TA-1 HIJET TA-2 TOW ACE TA-3 KIA TA-4 NV200 TA-5 COASTER TA-6 APV",
575ck05ok28gemo83n872pjrof_20261116T160000Z, -IMPRIMIR hoy reunir pulgadas de tubos perdidos,2026-11-16T12:00:00-04:00,2026-11-16T12:45:00-04:00,No,ENCARGADO DE FABRICACION,24,Otro,NONE,#a47ae2,Si,,,,,,,,,,
5e6i1ue015v2kmvuqipkir875h_20261116T173000Z,"TENER CALENDARIOS REVISAR MEDIDAS, DE ORDENES",2026-11-16T13:30:00-04:00,2026-11-16T15:00:00-04:00,No,ENCARGADO DE FABRICACION,24,Otro,NONE,#a47ae2,Si,,,,,,,,,,
44lod0noud7hqti6vm81v8tqmt_20261116T190000Z,IMPRIMIR-ANALIZAR FRENTES Y CARRETERES- EL DISEñO Y LAS PIEZAS ,2026-11-16T15:00:00-04:00,2026-11-16T15:45:00-04:00,No,ENCARGADO DE FABRICACION,24,Otro,NONE,#a47ae2,Si,,,,,,,,,,
4mci0naamtkbbp8gin1kv4gl7q_20261116T200000Z,IMPRIMIR-PEDIDO ACERO Y CONSUMIBLES EN ALEGRA,2026-11-16T16:00:00-04:00,2026-11-16T16:30:00-04:00,No,ENCARGADO DE FABRICACION,24,Otro,NONE,#a47ae2,Si,,,,,,,,,,
5nb8mvdcfg6j3d4pffipt18d0h_20261116T234500Z,Limpieza arriba de mesas y al rededor,2026-11-16T19:45:00-04:00,2026-11-16T20:30:00-04:00,No,ENCARGADO DE FABRICACION,24,Otro,NONE,#a47ae2,Si,,,,,,,,,,
4hb8def5jk9c0fppan23o67k63_20261117T000000Z,Revision mensual del puesto 13,2026-11-16T20:00:00-04:00,2026-11-16T20:45:00-04:00,No,ENCARGADO DE FABRICACION,24,Otro,NONE,#a47ae2,Si,,,,,,,,llenar estos datos para puesto de doblador de ordenes todos los meses,llenar estos datos para puesto de doblador de ordenes todos los meses,
3qb3qn8jvrkvdpeffgfvgb826o_20261117T003000Z,Calendarios de avances del dia.,2026-11-16T20:30:00-04:00,2026-11-16T21:15:00-04:00,No,ENCARGADO DE FABRICACION,24,Otro,NONE,#a47ae2,Si,,,,,,,,,,
vphofhas3s0f0hmnv6q17bj2vb_20261117T013000Z,Cuales papiros a modificar de fabricaciones.,2026-11-16T21:30:00-04:00,2026-11-16T22:15:00-04:00,No,ENCARGADO DE FABRICACION,24,Otro,NONE,#a47ae2,Si,,,,,,,,,,
27ecrt0df70icsj7626mictnjt_20261117T021500Z,Modificar papiros en la pc,2026-11-16T22:15:00-04:00,2026-11-16T23:00:00-04:00,No,ENCARGADO DE FABRICACION,24,Otro,NONE,#a47ae2,Si,,,,,,,,,,
c1rfd8udnqtfr8a15pqc99hc9f_20261117T114500Z,PEDAZOS DE TUBOS  Y ORDENES EN EL PISO,2026-11-17T07:45:00-04:00,2026-11-17T08:15:00-04:00,No,ENCARGADO DE FABRICACION,24,Otro,NONE,#a47ae2,Si,,,,,,,,Revisar no se esten quedando tubos y pedazos debajo.Que no se lleven tubos que son de separadores para el basudero. / mesa guillotina limpia / no tubo ni pedazos medio a medio. / ORDENES EN EL MEDIO DEL CAMINO QUE DIFICULTA EL CAMINAR.,"Revisar no se esten quedando tubos y pedazos debajo.Que no se lleven tubos que son de separadores para el basudero.
mesa guillotina limpia
no tubo ni pedazos medio a medio.
ORDENES EN EL MEDIO DEL CAMINO QUE DIFICULTA EL CAMINAR.",
575ck05ok28gemo83n872pjrof_20261117T160000Z, -IMPRIMIR hoy reunir pulgadas de tubos perdidos,2026-11-17T12:00:00-04:00,2026-11-17T12:45:00-04:00,No,ENCARGADO DE FABRICACION,24,Otro,NONE,#a47ae2,Si,,,,,,,,,,
1sibbnnqvpsbjdmae39p82gksv_20261117T170000Z,Ollos en tapas esten bien antes de armar carreter,2026-11-17T13:00:00-04:00,2026-11-17T13:30:00-04:00,No,ENCARGADO DE FABRICACION,24,Otro,NONE,#a47ae2,Si,,,,,,,,,,
5e6i1ue015v2kmvuqipkir875h_20261117T173000Z,"TENER CALENDARIOS REVISAR MEDIDAS, DE ORDENES",2026-11-17T13:30:00-04:00,2026-11-17T15:00:00-04:00,No,ENCARGADO DE FABRICACION,24,Otro,NONE,#a47ae2,Si,,,,,,,,,,
0hf2hucf448kd4vro5793gqfaq_20261117T180000Z,REVISION DE MESAS Y CAJAS LIMPIAS Y ORGANIDAS,2026-11-17T14:00:00-04:00,2026-11-17T14:45:00-04:00,No,ENCARGADO DE FABRICACION,24,Otro,NONE,#a47ae2,Si,,,,,,,,,,
44lod0noud7hqti6vm81v8tqmt_20261117T190000Z,IMPRIMIR-ANALIZAR FRENTES Y CARRETERES- EL DISEñO Y LAS PIEZAS ,2026-11-17T15:00:00-04:00,2026-11-17T15:45:00-04:00,No,ENCARGADO DE FABRICACION,24,Otro,NONE,#a47ae2,Si,,,,,,,,,,
4mci0naamtkbbp8gin1kv4gl7q_20261117T200000Z,IMPRIMIR-PEDIDO ACERO Y CONSUMIBLES EN ALEGRA,2026-11-17T16:00:00-04:00,2026-11-17T16:30:00-04:00,No,ENCARGADO DE FABRICACION,24,Otro,NONE,#a47ae2,Si,,,,,,,,,,
5nb8mvdcfg6j3d4pffipt18d0h_20261117T234500Z,Limpieza arriba de mesas y al rededor,2026-11-17T19:45:00-04:00,2026-11-17T20:30:00-04:00,No,ENCARGADO DE FABRICACION,24,Otro,NONE,#a47ae2,Si,,,,,,,,,,
3qb3qn8jvrkvdpeffgfvgb826o_20261118T003000Z,Calendarios de avances del dia.,2026-11-17T20:30:00-04:00,2026-11-17T21:15:00-04:00,No,ENCARGADO DE FABRICACION,24,Otro,NONE,#a47ae2,Si,,,,,,,,,,
vphofhas3s0f0hmnv6q17bj2vb_20261118T013000Z,Cuales papiros a modificar de fabricaciones.,2026-11-17T21:30:00-04:00,2026-11-17T22:15:00-04:00,No,ENCARGADO DE FABRICACION,24,Otro,NONE,#a47ae2,Si,,,,,,,,,,
27ecrt0df70icsj7626mictnjt_20261118T021500Z,Modificar papiros en la pc,2026-11-17T22:15:00-04:00,2026-11-17T23:00:00-04:00,No,ENCARGADO DE FABRICACION,24,Otro,NONE,#a47ae2,Si,,,,,,,,,,
c1rfd8udnqtfr8a15pqc99hc9f_20261118T114500Z,PEDAZOS DE TUBOS  Y ORDENES EN EL PISO,2026-11-18T07:45:00-04:00,2026-11-18T08:15:00-04:00,No,ENCARGADO DE FABRICACION,24,Otro,NONE,#a47ae2,Si,,,,,,,,Revisar no se esten quedando tubos y pedazos debajo.Que no se lleven tubos que son de separadores para el basudero. / mesa guillotina limpia / no tubo ni pedazos medio a medio. / ORDENES EN EL MEDIO DEL CAMINO QUE DIFICULTA EL CAMINAR.,"Revisar no se esten quedando tubos y pedazos debajo.Que no se lleven tubos que son de separadores para el basudero.
mesa guillotina limpia
no tubo ni pedazos medio a medio.
ORDENES EN EL MEDIO DEL CAMINO QUE DIFICULTA EL CAMINAR.",
aths67orq9j2ttgcs2vgjbech5_20261118T140000Z,tapas y macheticos CANTIDADES MININAS,2026-11-18T10:00:00-04:00,2026-11-18T11:30:00-04:00,No,ENCARGADO DE FABRICACION,24,Otro,NONE,#a47ae2,Si,,,,,,,,"DEJARLE LISTA PUESTO 8 DE CARRETERES A FABRICAR. / CONFIRMAR ANTES DE PEDIR TOLA SI NO HAY, EN EL TAMARINDO / ENVIAR PEDIDO AL TAMARINDO DE CORTES DE TAPAS, CANTIDADES. / TA-1 HIJET TA-2 TOW ACE TA-3 KIA TA-4 NV200 TA-5 COASTER TA-6 APV","DEJARLE LISTA PUESTO 8 DE CARRETERES A FABRICAR.
CONFIRMAR ANTES DE PEDIR TOLA SI NO HAY, EN EL TAMARINDO
ENVIAR PEDIDO AL TAMARINDO DE CORTES DE TAPAS, CANTIDADES.
TA-1 HIJET TA-2 TOW ACE TA-3 KIA TA-4 NV200 TA-5 COASTER TA-6 APV",
575ck05ok28gemo83n872pjrof_20261118T160000Z, -IMPRIMIR hoy reunir pulgadas de tubos perdidos,2026-11-18T12:00:00-04:00,2026-11-18T12:45:00-04:00,No,ENCARGADO DE FABRICACION,24,Otro,NONE,#a47ae2,Si,,,,,,,,,,
5e6i1ue015v2kmvuqipkir875h_20261118T173000Z,"TENER CALENDARIOS REVISAR MEDIDAS, DE ORDENES",2026-11-18T13:30:00-04:00,2026-11-18T15:00:00-04:00,No,ENCARGADO DE FABRICACION,24,Otro,NONE,#a47ae2,Si,,,,,,,,,,
44lod0noud7hqti6vm81v8tqmt_20261118T190000Z,IMPRIMIR-ANALIZAR FRENTES Y CARRETERES- EL DISEñO Y LAS PIEZAS ,2026-11-18T15:00:00-04:00,2026-11-18T15:45:00-04:00,No,ENCARGADO DE FABRICACION,24,Otro,NONE,#a47ae2,Si,,,,,,,,,,
4mci0naamtkbbp8gin1kv4gl7q_20261118T200000Z,IMPRIMIR-PEDIDO ACERO Y CONSUMIBLES EN ALEGRA,2026-11-18T16:00:00-04:00,2026-11-18T16:30:00-04:00,No,ENCARGADO DE FABRICACION,24,Otro,NONE,#a47ae2,Si,,,,,,,,,,
5nb8mvdcfg6j3d4pffipt18d0h_20261118T234500Z,Limpieza arriba de mesas y al rededor,2026-11-18T19:45:00-04:00,2026-11-18T20:30:00-04:00,No,ENCARGADO DE FABRICACION,24,Otro,NONE,#a47ae2,Si,,,,,,,,,,
3qb3qn8jvrkvdpeffgfvgb826o_20261119T003000Z,Calendarios de avances del dia.,2026-11-18T20:30:00-04:00,2026-11-18T21:15:00-04:00,No,ENCARGADO DE FABRICACION,24,Otro,NONE,#a47ae2,Si,,,,,,,,,,
vphofhas3s0f0hmnv6q17bj2vb_20261119T013000Z,Cuales papiros a modificar de fabricaciones.,2026-11-18T21:30:00-04:00,2026-11-18T22:15:00-04:00,No,ENCARGADO DE FABRICACION,24,Otro,NONE,#a47ae2,Si,,,,,,,,,,
27ecrt0df70icsj7626mictnjt_20261119T021500Z,Modificar papiros en la pc,2026-11-18T22:15:00-04:00,2026-11-18T23:00:00-04:00,No,ENCARGADO DE FABRICACION,24,Otro,NONE,#a47ae2,Si,,,,,,,,,,
